编号,序号,所属系统,产品名称,故障部位,深层现象,故障现象,故障分析,处理方式,处理方式标签2,处理方式标签,系统标签
R1,1,动力系统,发动机,缸盖密封圈,缸盖密封不严,1、2、4号缸渗漏滑油,缸盖密封圈密封不严,更换缸盖密封圈,2,更换故障件,4
R2,2,动力系统,发动机,回油管,回油管密封问题,发动机缸头回油管渗漏滑油,回油管密封问题，导致漏油,回油管渗油，更换新缸头,1,更换故障件,4
R3,3,动力系统,发动机,发动机,热车后故障消失工作正常,发动机冷机状态下进行试车，过程中工作异常并伴有喘振现象,冷机状态下，燃油雾化处于临界状态，易产生缺缸燃烧现象，热车后故障消失工作正常，不影响使用,非故障,4,无故障,4
R4,4,动力系统,发动机冷却液回流管,缸头冷却液弯头O型圈,O型圈失效,发动机1号缸缸头冷却液弯头处渗漏,缸头冷却液弯头O型圈失效,更换故障件,2,更换故障件,4
R5,5,动力系统,螺旋桨,防护贴,螺旋桨无损伤,防护贴裂纹,外物打伤,更换故障件,2,更换故障件,4
R6,6,动力系统,螺旋桨,防护贴,螺旋桨无损伤,防护贴裂纹,外物打伤,更换故障件,2,更换故障件,4
R7,7,动力系统,螺旋桨,桨距电机,桨距电机烧毁,地面进行桨距大增大减，微减无反应,桨距电机烧毁,更换故障件,1,更换故障件,4
R8,8,动力系统,螺旋桨,变距机构,变距机构卡滞,飞机在飞行过程中，桨距大增3次后，继续增桨距无效，但桨距减正常,变距机构卡滞,更换故障件,1,更换故障件,4
R9,9,动力系统,螺旋桨,防护贴,螺旋桨运转过程中偶然发生的杂物碰撞损伤,螺旋桨防护贴出现裂纹,螺旋桨运转过程中偶然发生的杂物碰撞损伤,更换故障件,2,更换故障件,4
R10,10,动力系统,螺旋桨,桨距电机,变距机构卡滞,调桨距时，桨距减幅度很小,变距机构卡滞,用热风枪给桨距电机加热后,3,维修(无需更换）,4
R11,11,动力系统,螺旋桨,桨距电机,变距机构卡滞,桨距减工作不正常,变距机构卡滞,用热风枪给桨距电机加热后,3,维修(无需更换）,4
R12,12,动力系统,螺旋桨,桨距电机,变距机构卡滞,大增大减不连续，微增微减无反应,变距机构卡滞,用热风枪给桨距电机加热后,3,维修(无需更换）,4
R13,13,动力系统,螺旋桨,桨距电机,变距机构卡滞,大增大减不连续，微增微减无反应,变距机构卡滞,用热风枪给桨距电机加热后,3,维修(无需更换）,4
R14,14,动力系统,螺旋桨,桨距电机,镜检发现在三组绕组端头附近有四处断点，断裂位置均位于熔融玻璃封装内,飞机在试车过程中无法对桨距进行增减,可能的原因一，交变热应力累积导致电机绕组的铜线断路或虚接；可能的原因二，绕组高速旋转带来离心剪切力造成铜线疲劳，与交变热应力累积造成的铜线强度下降耦合之后，离心力影响加剧铜线断路,更换故障件,2,更换故障件,4
R15,15,动力系统,螺旋桨,桨距电机,镜检发现在三组绕组端头附近有四处断点，断裂位置均位于熔融玻璃封装内,增减桨距无反应,可能的原因一，交变热应力累积导致电机绕组的铜线断路或虚接；可能的原因二，绕组高速旋转带来离心剪切力造成铜线疲劳，与交变热应力累积造成的铜线强度下降耦合之后，离心力影响加剧铜线断路,更换故障件,2,更换故障件,4
R16,16,动力系统,冷却液散热器,冷却液散热器,散热器本体损坏,冷却液散热器本体有渗漏,散热器支架安装应力过大导致散热器本体损坏，渗漏冷却液,更换故障件，改进设计,1,更换故障件，改进设计,4
R17,17,动力系统,冷却液散热器,冷却液散热器,散热器本体损坏,冷却液散热器局部有渗漏,散热器支架安装应力过大导致散热器本体损坏，渗漏冷却液,更换故障件，改进设计,1,更换故障件，改进设计,4
R18,18,动力系统,空滤支架,空滤支架,空滤支架断裂,空滤支架断裂,空滤支架材料强度不够,更换故障件，更改设计,1,更换故障件，改进设计,4
R18,18,动力系统,温度传感器,温度传感器线缆,温度传感器线缆破裂,排气2、4缸头温度传感器线缆破裂,振动摩擦导致磨损,更换故障件，并在传感器易磨损部位添加防磨套,2,更换故障件，改进设计,4
R19,19,动力系统,发动机,启动油路钢索,启动油路钢索太粗,启动油路回位不彻底，拆卸汽化器时启动油路钢索易打弯、分叉,起动油路钢索太粗，摩擦力过大,更换故障件，更改设计,1,更换故障件，改进设计,4
R20,20,动力系统,散热器,散热器支架,处于应力腐蚀环境,散热器支架与发动机机体连接处右侧圆杆断裂,应力腐蚀、过载造成断裂,更换故障件,2,更换故障件,4
R21,21,动力系统,废气活门舵机,废气活门舵机,分解故障舵机，舵机角位置传感器合金电刷脱落，经电镜检查未发现有焊接质量问题,地检12V电源开启后，TCU故障警告灯黄色闪烁，废气活门舵机不工作，未自检，弹簧未运动,舵机角位置传感器合金电刷脱落导致废气活门舵机故障，造成无法检测到信号而卡死,更换故障件,1,更换故障件,4
R22,22,动力系统,燃油油滤口盖,十字螺钉,密封不严,燃油滤口盖处十字螺钉渗油,密封不严,更换故障件，并涂密封胶,2,更换故障件，改进设计,4
R23,23,动力系统,燃油油滤口盖,十字螺钉,密封不严,燃油滤口盖处十字螺钉渗油,密封不严,更换故障件，并涂密封胶,2,更换故障件，改进设计,4
R26,26,动力系统,起动油路,钢索,起动油路钢索与钢索接头连接处有断丝,起动油路钢索与钢索接头连接处有二分之一股断丝,NA,更换故障件,2,更换故障件,4
R27,27,动力系统,散热器,支架,散热器支架焊点处断裂,地面检查发现散热器支架焊点处断裂,NA,更换故障件,2,更换故障件,4
R28,28,动力系统,发动机,空气盒压力传感器,查看检测车数据，空气盒压力过高、空气盒温度过高。查看TCU数据，TCU测量的空气盒压力异常,试车过程中，节风门推至100%时，转速达到5700rpm，排气管冒黑烟，并有2次放炮声音,TCU测量的空气盒压力传感器插头接触不良导致测量数据出现“低指”现象，增压系统调节异常，在较大风门状态下，空气盒压力超限，同时带动空气盒温度超温，在此状态下，发动机产生了爆燃和高油燃烧,更换故障件,1,更换故障件,4
R30,30,动力系统,螺旋桨,前缘防护贴,防护贴开裂,飞行后检查发现，一叶螺旋桨迎风刀面前缘金属保护薄膜出现疑似挤压的褶皱和2条裂纹，存在砂眼,承受较大外力造成防护贴开裂,更换故障件,2,更换故障件,4
R31,31,动力系统,螺旋桨,桨距电机碳刷,碳刷断裂,在更换桨距电机油脂时，检查发现碳刷断裂成6个碎块,碳刷存在个别产品质量问题,更换螺旋桨变距电机,1,更换故障件,4
R32,32,动力系统,螺旋桨,桨距电机碳刷,电机两侧碳刷弹簧断裂，电机后壳断裂,增减桨距无效,碳刷与转子接触不良导致供电断路，导致电机后壳断裂,更换桨距电机,1,更换故障件,4
R34,34,动力系统,螺旋桨,桨距电机螺钉螺母垫片,电机内螺钉螺母有划伤，垫片缺失,桨距电机内部螺杆头不固定,螺钉螺母划伤、垫片缺失导致不固定,更换故障件,2,更换故障件,4
R35,35,动力系统,螺旋桨,桨距电机,内部短路,桨距电机不工作,桨距电机内部短路导致不工作,更换故障件,1,更换故障件,4
R36,36,动力系统,螺旋桨,桨距电机螺杆、碳刷,电机内部螺杆滑丝、碳刷断裂,桨距电机通电不工作,电机内部螺杆滑丝、碳刷断裂导致电机不工作,更换故障件,1,更换故障件,4
R36,36,动力系统,螺旋桨,桨距电机,通电检查运行正常，电阻正常,桨距角无法调到最小值,NA,非故障，按规程进行维护后恢复正常变距范围,4,无故障,4
R36,36,动力系统,螺旋桨,桨距电机齿轮及护套环,通电检查正常，拆解发现齿轮磨损及护套环松动,桨距角无法调到最小值,齿轮磨损及护套环松动导致故障,更换故障件,2,更换故障件,4
R37,37,动力系统,螺旋桨,桨距电机端盖,驱动线缆自焊点断裂、螺钉松脱,桨距电机端盖松动,驱动线缆自焊点断裂且由于螺钉松脱导致电机端盖松动,更换桨距电机,1,更换故障件,4
R37,37,动力系统,螺旋桨,桨距电机,厂家检查测量最小变距角度为14°，按规程进行变距机构维护，检查各级齿轮及电机无异常,变距角度达不到标准,可能是由于存放时间过长导致油脂粘度增加导致,重新组装故障排除,3,维修(无需更换）,4
R38,38,导航飞控系统,机载GPS接收机,机载GPS接收机,现场再次通电故障消失,BGPS故障信号灯显示红色,NA,非故障,4,无故障,5
R39,39,导航飞控系统,机载GPS接收机,机载GPS接收机,第一次通电故障，第二次通电正常,第一次通电时GPS接收机未能正确定位飞机位置，第二次通电正常,器件老化失效,更换故障件,1,更换故障件,5
R40,40,导航飞控系统,机载GPS接收机,机载GPS接收机,GPS接收机收星颗数少，收星时间长，器件老化,GPS接收机差分状态不稳定,器件老化导致卫星信号接收能力下降，接收灵敏度降低,更换故障件,1,更换故障件,5
R41,41,导航飞控系统,机载GPS接收机,机载GPS接收机,GPS接收机收星颗数少，收星时间长，器件老化,GPS接收机差分状态不稳定,器件老化导致卫星信号接收能力下降，接收灵敏度降低,更换故障件,1,更换故障件,5
R42,42,导航飞控系统,机载GPS接收机,机载GPS接收机,后期通电检查，上电3min，导航初始化开始定位；器件老化,飞行联试时，上电40min后差分信号中断,器件老化导致卫星信号接收能力下降，接收灵敏度降低,更换故障件,1,更换故障件,5
R43,43,导航飞控系统,大气数据计算机,大气数据计算机,该批产品均出现故障,地面联试，左右大气数据计算机气压高度相差10左右,批次性产品质量问题,故障件返厂维修,1,维修(无需更换）,5
R44,44,导航飞控系统,大气数据计算机,大气数据计算机,该批产品均出现故障,地面联试，左右大气数据计算机气压高度相差10左右,批次性产品质量问题,故障件返厂维修,1,维修(无需更换）,5
R45,45,导航飞控系统,大气数据计算机,大气数据计算机,该批产品均出现故障,地面联试，左右大气数据计算机气压高度相差10左右,批次性产品质量问题,故障件返厂维修,1,维修(无需更换）,5
R46,46,导航飞控系统,大气数据计算机,大气数据计算机,该批产品均出现故障,地面联试，左右大气数据计算机气压高度相差10左右,批次性产品质量问题,故障件返厂维修,1,维修(无需更换）,5
R47,47,导航飞控系统,大气数据计算机,大气数据计算机,该批产品均出现故障,地面联试，左右大气数据计算机气压高度相差10左右,批次性产品质量问题,故障件返厂维修,1,维修(无需更换）,5
R48,48,导航飞控系统,大气数据计算机,大气数据计算机,该批产品均出现故障,地面联试，左右大气数据计算机气压高度相差10左右,批次性产品质量问题,故障件返厂维修,1,维修(无需更换）,5
R49,49,导航飞控系统,大气数据计算机,大气数据计算机,该批产品均出现故障,地面联试，左右大气数据计算机气压高度相差10左右,批次性产品质量问题,故障件返厂维修,1,维修(无需更换）,5
R50,50,导航飞控系统,大气数据计算机,Ps传感器；Pt传感器,Ps、Pt传感器故障,气压高度超高,Ps、Pt传感器故障,更换故障件,2,更换故障件,5
R51,51,导航飞控系统,大气数据计算机,Ps传感器；Pt传感器,Ps、Pt传感器故障,气压高度超高,Ps、Pt传感器故障,更换故障件,2,更换故障件,5
R52,52,导航飞控系统,大气数据计算机,Ps传感器；Pt传感器,Ps、Pt传感器故障,气压高度超高,Ps、Pt传感器故障,更换故障件,2,更换故障件,5
R53,53,导航飞控系统,大气数据计算机,Ps传感器；Pt传感器,Ps、Pt传感器故障,气压高度超高,Ps、Pt传感器故障,更换故障件,2,更换故障件,5
R56,56,导航飞控系统,无线电高度表,电位器RP2,返厂检测，误差超出正常精度范围-0.3m～0.3m,外场试验中，高度表测量值超出误差范围,电位器RP2调节错误导致误差,调节故障件,3,维修(无需更换）,5
R57,57,导航飞控系统,无线电高度表,无线电高度表,高度表故障,无线高度表显示数值超出误差范围,高度表故障,更换故障件,1,更换故障件,5
R58,58,导航飞控系统,速率陀螺组件,A通道航向陀螺仪,经查A通道航向故障,2号陀螺俯仰方向输出数值无变化,A通道航向故障导致2号陀螺俯仰方向输出数值无变化,更换故障件,1,更换故障件,5
R59,59,导航飞控系统,速率陀螺组件,C通道航向陀螺仪,经查C通道航向故障,3号角速度陀螺俯仰通道无输出,C通道航向故障导致3号角速度陀螺俯仰通道无输出,更换故障件,1,更换故障件,5
R60,60,导航飞控系统,速率陀螺组件,A通道航向陀螺仪,经查A通道航向故障,1号角速度陀螺俯仰通道无输出,A通道航向故障导致1号陀螺俯仰方向输出数值无变化,更换故障件,1,更换故障件,5
R61,61,导航飞控系统,速率陀螺组件,线路控制板,常温状态故障未复现，低温状态下表现为有时会无法接通,速率陀螺中俯仰2号陀螺晃动时显示数据不正确,线路控制板故障,更换故障件,2,更换故障件,5
R62,62,导航飞控系统,速率陀螺组件,角速率陀螺,上电检测发现俯仰2号偏航、1号无数据变化,滑行时，角速率陀螺故障,器件失效,更换故障件,1,更换故障件,5
R63,63,导航飞控系统,速率陀螺组件,A通道俯仰陀螺仪；B通道俯仰陀螺仪,返厂检查，各通道性能合格但陀螺电机声音大,测控飞行中报一次故障,分析为单个陀螺超差导致故障,更换故障件,1,更换故障件,5
R64,64,导航飞控系统,速率陀螺组件,A通道倾斜配套陀螺仪,地面检测A通道横滚陀螺故障，返厂检查A通道倾斜无梯度输出,飞行中陀螺报故,A通道倾斜配套陀螺仪故障导致陀螺报故,更换故障件,1,更换故障件,5
R65,65,导航飞控系统,速率陀螺组件,C通道航向陀螺同步器,C通道航向陀螺同步器输出线圈缆线整形时受损,空中报一次故障,C通道航向陀螺同步器输出线圈缆线整形时受损，低温下收缩断裂，导致报故,返厂维修,1,维修(无需更换）,5
R66,66,导航飞控系统,垂直陀螺,2N2222三极管,线路板上2N2222三极管损坏,飞行中2号垂直陀螺报故,线路板上2N2222三极管损坏,更换故障件,2,更换故障件,5
R70,70,导航飞控系统,垂直陀螺,垂直陀螺,返厂复查合格,飞行时报故，飞参分析垂直陀螺输入值为“0”,NA,非故障,4,无故障,5
R71,71,导航飞控系统,垂直陀螺,2N2222三极管,常温状态故障未复现，低温状态下发现线路板不延时,飞行时报故，飞参分析垂直陀螺输入值为“0”,线路板上2N2222三极管被击穿 ,更换故障件,2,更换故障件,5
R77,77,导航飞控系统,垂直陀螺,垂直陀螺,2号垂直陀螺俯仰超差，俯仰角不稳定,开车时，2号垂直陀螺俯仰超差，俯仰角不稳定,2号垂直陀螺俯故障,更换故障件,1,更换故障件,5
R78,78,导航飞控系统,垂直陀螺,垂直陀螺,调整后状况不变,垂直陀螺俯仰超差,垂直陀螺故障,更换故障件,1,更换故障件,5
R80,80,导航飞控系统,差分GPS地面站接收机,差分GPS地面站接收机,产品年代久远,接收卫星速度慢，4分钟未定位，收星数明显少于同等条件下其他同型号的接收机,产品性能老化,更换故障件,1,更换故障件,5
R81,81,导航飞控系统,飞控计算机,EPROM器件,CPU通道2的EPROM器件失效,处理器1中断口故障，处理器1CCDL口故障；处理器2中断口故障，处理器2CCDL口故障；处理器3RAM口故障，处理器3NVM口故障，处理器3定时器1口故障，处理器3通道故障口故障，处理器3中断口故障，处理器3CCDL口故障，处理器3CPU口故障,CPU通道2的EPROM器件失效,更换故障件,2,更换故障件,5
R82,82,导航飞控系统,速率陀螺组件,软件,抗干扰天线中无GLOASS频点，射频天线缺少，环境温度较高,在飞机起飞离地过程中，速率陀螺报一次故障,抗干扰天线中无GLOASS频点，射频天线缺少，这部分增益导致接收机GLOASS射程通道输出功率小于正常值，同时在环境温度较高时，机箱温度升高，射频通道本身的增益也降低，以上因素导致GLOASS通道输出功率小于门限值，接收机报故障,更改软件，将对比GLOASS通道检测删除,2,软件,5
R83,83,导航飞控系统,惯性导航部件,A1板；A12板,A1、A12板故障,惯导报“一级故障”,A1、A12板故障,更换故障件,2,更换故障件,5
R84,84,导航飞控系统,惯性导航部件,多余轴锁定电路,多余轴锁定电路故障,惯导报二级故障，天线无法进入导航,多余轴锁定电路故障,更换故障件,2,更换故障件,5
R85,85,导航飞控系统,惯性导航部件,校零开关,校零开关故障,惯导报二级故障,校零开关故障,更换故障件,2,更换故障件,5
R86,86,导航飞控系统,惯性导航部件,导电环,间隔5分钟重新上电，惯导开机5秒后报二级故障,惯导开机时正常对准，50秒后报一级故障，惯导自动关闭,导电环故障,更换故障件,2,更换故障件,5
R88,88,导航飞控系统,惯性导航部件,备用环,备用环故障,惯导报二级故障,备用环故障,更换故障件,2,更换故障件,5
R89,89,导航飞控系统,INS/卫星/地标组合导航系统,滤波电容,滤波电容故障,惯导采用正常罗经对准，对准时间1812秒，状态码显示50，二级故障显示灯亮，故障信息显示“未定义”，惯导关闭5min后再开机采用正常罗经对准，对准时间785秒，状态码显示50，二级故障显示灯亮，故障信息显示“未定义”，惯导上的故障灯显示黑白相间的故障信号,滤波电容故障,更换故障件,2,更换故障件,5
R91,91,导航飞控系统,通风盒,接线板,接线板故障,飞机加电约5min后听见前舱内发出一声异响，车上115V电源同时跳闸，随后在惯导通风口处有烟冒出,接线板故障导致惯导通风盒烧坏,更换通风盒,1,更换故障件,5
R92,92,导航飞控系统,通风盒,A1板；A12板,A1、A12板故障,加电后，通风盒电机不转,A1、A12板故障,更换故障件,2,更换故障件,5
R93,93,导航飞控系统,数传电台,数传电台,数传电台故障,接收不到地面差分GPS信号,数传电台故障,更换故障件,1,更换故障件,5
R95,95,导航飞控系统,数传电台,数传电台,数传电台故障,飞机无DGPS信号,数传电台故障,更换故障件,1,更换故障件,5
R96,96,导航飞控系统,数传电台,射频线,射频线受损,飞行时，主控车差分状态信号闪烁，电台作用距离超过5～9km后接受不正常，灵敏度低于标称,射频线受损,更换故障件,2,更换故障件,5
R97,97,导航飞控系统,数传电台,信号电源,电台信号电源线插头松动,地面检测时无差分信号，上电时指示灯不亮,电台信号电源线插头松动导致插头焊脚虚焊致使指示灯不亮,用电烙铁加焊信号电源线管脚，用更换弹片、点胶的方式加固插头,3,维修(无需更换）,5
R98,98,导航飞控系统,数传电台,电源模块,电源模块输入端地线断开,地面联试无差分信号，数传电台工作指示灯不亮,电源模块输入端地线断开，使得无法正常供电，指示灯不亮,将电源模块地线正确接入电路,3,维修(无需更换）,5
R99,99,导航飞控系统,数传电台,电缆组件,电台天线电缆连接器导线接触簧片有形变,外场试验无法进行差分工作,导线接触簧片有形变，使用时由于振动原因造成接触不良,更换故障件,2,更换故障件,5
R100,100,导航飞控系统,数传电台,电缆,屏蔽套把线缆扎破,数传电台空中作用距离低于正常值,屏蔽套把线缆扎破而短路,更改机上电缆，在金属屏蔽套和线缆之间增加热塑管,3,维修(无需更换）,5
R101,101,导航飞控系统,数传电台,电缆,接通电源后指示灯不亮，串口无法接入数据，无法通过串口设置电台,外场试验中，数传电台工作指示灯不亮，且无法工作,电缆焊接松动,将原有电台结构件更换为具有卡口功能的结构件，对内部电缆重新焊接固定,2,维修(无需更换）,5
R102,102,导航飞控系统,PCC数传电台,电缆,无法接收差分信号，且无法通过计算机连接设置,外场试验中无差分信号,由于lemo5芯插头可转动导致电缆焊接松动，影响模块与接插件正常通信及指示,将原有电台结构件更换为具有卡口功能的结构件，对内部线缆重新固定,2,维修(无需更换）,5
R103,103,导航飞控系统,惯性导航部件,软件,DGPS接口程序错误判断DGPS数据,在地面联试中，导航模式为INS/DGPS时，惯导不规则报“DGPS无效”,卫通接口软件在解析DGPS数据时，会将时间包中的数据当作速度包中的某位来处理，不符合包头条件，造成数据丢包,更改了卫通接口软件,2,软件,5
R104,104,导航飞控系统,惯性导航部件,导航软件,软件设计缺陷,加改装鉴定试飞中，飞机在折返飞行时，惯导报约3s的纯惯性状态,软件设计缺陷,对导航软件进行升级,2,软件,5
R105,105,导航飞控系统,左副翼；襟副翼；扰流片控制盒,左副翼；襟副翼；扰流片控制盒,左副翼、襟副翼、扰流片控制盒故障,舵面检查时，左襟副翼报故显示RVDT1、DSP1、HALL1，模型监控1，欠压1，定时器1，AD转换1,左副翼、襟副翼、扰流片控制盒故障,更换故障件,1,更换故障件,5
R106,106,导航飞控系统,右副翼；襟副翼；扰流片控制盒,右副翼；襟副翼；扰流片控制盒,右副翼、襟副翼、扰流片控制盒故障,右机翼舵机报欠压故障，余度2、DVDT2、DSP2、HALL2、模型监控2、欠压2、定时器2、AD转换2、余度1,右副翼、襟副翼、扰流片控制盒故障,更换故障件,1,更换故障件,5
R107,107,导航飞控系统,右方向舵舵机,右方向舵舵机,性能复测、环境试验，故障未复现,在地面联试过程中，发生右方向舵舵机卡滞问题,产品返厂后，进行,非故障,4,无故障,5
R108,108,导航飞控系统,速率陀螺组件,软件,抗干扰天线中无GLOASS频点，射频天线缺少，环境温度较高,起飞离地过程中，速率陀螺报一次故障,抗干扰天线中无GLOASS频点，射频天线缺少，这部分增益导致接收机GLOASS射程通道输出功率小于正常值，同时在环境温度较高时，机箱温度升高，射频通道本身的增益也降低，以上因素导致GLOASS通道输出功率小于门限值，接收机报故障,更改软件，将对比GLOASS通道检测删除,2,软件,5
R109,109,导航飞控系统,飞控计算机,外部被采信号,故障接口为起落架压缩信号，产品后续经过各种环境试验未发现异常,飞行准备过程中，飞控计算机DIO离散输入输出板二次故障,故障接口为起落架压缩信号，该信号分三路送至飞控计算机采集，每路又被飞控计算机的两块DIO板进行读取，两块DIO板对三路信号的采集都不一致，因此分析故障与外部被采信号不稳定相关,该信号对飞行安全无影响，可以继续使用,4,无故障,5
R110,110,导航飞控系统,惯性导航部件,导航软件,软件设计缺陷,加改装鉴定试飞中，飞机在折返飞行时，惯导报约3s的纯惯性状态,软件设计缺陷,对导航软件进行升级,2,软件,5
R111,111,导航飞控系统,惯导/卫星组合导航系统,惯性导航部件,对当日飞行情况进行分析，出现惯导位置速度超差，重新对准惯导后，陀螺方位数据恢复正常；起飞前进行地面对准时进行了飞机舵面测试,飞机着陆后，未对惯导进行断电，现场拷贝该架机参数，陀螺方位轴Z轴存在异常,对准时进行了飞机舵面测试，该项工作有可能影响惯导对准精度，惯导报位速超差是由于地面对准时，航向出现较大漂移误差造成,更改飞机地面准备工艺流程，明确了在惯导对准过程中，不进行飞机其它准备工作,3,改进工艺,5
R112,112,导航飞控系统,GPS板卡,GPS板卡,经实际收星测试，接收机收星数量低于标准值，且解算困难，定位时间长；板卡老化,在机务准备过程中，静态联系完毕后，交测控后无差分信号,板卡老化，收星灵敏度下降,更换故障件,3,更换故障件,5
R113,113,导航飞控系统,天线,天线,测试约6个小时，将串口输出的语句信息保存在TXT文档中，没有发现不定位的信息,天线经常出现突然无DGPS信号，且能够自行恢复正常,NA,非故障，继续观察使用,4,无故障,5
R114,114,飞行器平台,机体,机身,蒙皮对接缝处漆膜开裂，漆膜鼓包,机体左前机身下方有一处裂纹，其下方有一处鼓包,NA,补漆,3,维修(无需更换）,6
R115,115,飞行器平台,机体,尾撑管,制造缺陷,尾撑管尾部一托板螺母松动,制造缺陷,现场修理,3,维修(无需更换）,6
R116,116,飞行器平台,机体,机身,未按图纸开对接工艺槽,机身、机翼对接部位机身一侧后缘处有裂纹,未按图纸开对接工艺槽，对接时导致后缘蒙皮挤裂,重新加工,1,维修(无需更换）,6
R117,117,飞行器平台,机体,机身,未按图纸开对接工艺槽,机身、机翼对接部位机身一侧后缘处有裂纹,未按图纸开对接工艺槽，对接时导致后缘蒙皮挤裂,重新加工,1,维修(无需更换）,6
R118,118,飞行器平台,机体,机身,未按图纸开对接工艺槽,机身、机翼对接部位机身一侧后缘处有裂纹,未按图纸开对接工艺槽，对接时导致后缘蒙皮挤裂,重新加工,1,维修(无需更换）,6
R119,119,飞行器平台,机翼对接衬套,机翼对接衬套,衬套脱粘,机翼对接衬套松动，固定衬套用的胶粘性不强、7框机体两衬套划伤,衬套脱粘,更换故障件,2,更换故障件,6
R121,121,飞行器平台,右主起落架,缓冲支柱外筒,着陆过程中航向角与航迹角夹角过大,飞机着陆后检查发现右主起落架缓冲支柱外筒顶部有较大裂纹,由于着陆过程中航向角与航迹角夹角过大，产生侧向力，将起落架拉坏,更换起落架,1,更换故障件,6
R122,122,飞行器平台,左主起落架,缓冲支柱外筒,着陆过程中航向角与航迹角夹角过大,飞机着陆后检查发现左主起落架缓冲支柱外筒顶部有较大裂纹，舱门拉杆断裂,由于着陆过程中航向角与航迹角夹角过大，产生侧向力，将起落架拉坏,更换起落架,1,更换故障件,6
R123,123,飞行器平台,左主起落架,微动开关,控制微动开关电缆触头与控制微动开关间隙过大,左主起落架微动开关故障导致全压缩信号一直为0，无法正常起飞,微动开关电缆触头距离调整不到位，形成间隙过大，导致全压缩信号一直为0,控制微动开关电缆触头与控制微动开关接触距离，确保全压缩信号为1,3,维修(无需更换）,6
R124,124,飞行器平台,电源模块,电源模块,电源模块故障,电源模块发热并有糊味，无法预置刹车预置量,电源模块故障,更换故障件,1,更换故障件,6
R125,125,飞行器平台,电源模块,电源模块,电源模块故障,电源模块上电后外部温度高发烫,电源模块故障,更换故障件,1,更换故障件,6
R126,126,飞行器平台,比例式电控刹车阀及控制器,刹车控制器,刹车控制器故障,地面联试过程中，检查刹车压力时发现刹车压力降低,刹车控制器故障,更换故障件,1,更换故障件,6
R127,127,飞行器平台,比例式电控刹车阀及控制器,压力传感器,压力传感器故障,刹车压力达不到规定值,压力传感器故障,更换故障件,1,更换故障件,6
R128,128,飞行器平台,比例式电控刹车阀及控制器,刹车控制器,刹车控制器故障,输入刹车预置量时，没有刹车压力输出,刹车控制器故障,更换故障件,1,更换故障件,6
R129,129,飞行器平台,比例式电控刹车阀及控制器,刹车控制器,刹车控制器故障,输入刹车预置量时，没有刹车压力输出,刹车控制器故障,更换故障件,1,更换故障件,6
R130,130,飞行器平台,比例式电控刹车阀及控制器,电机,电机故障,工作中刹车阀发热有糊味，预置刹车预置量刹车无反应,电机故障,更换故障件,1,更换故障件,6
R131,131,飞行器平台,比例式电控刹车阀及控制器,刹车控制器,刹车控制器电路板故障,地面等待遥控检查时，右刹车100%时，刹车压力并没达到，机轮依然可转动，无法正常控制刹车压力,刹车控制器电路板故障,更换刹车控制器电路板,2,更换故障件,6
R132,132,飞行器平台,比例式电控刹车阀及控制器,油管,油管故障,刹车阀压力传感器与油管连接处漏油,油管故障,更换故障件,1,更换故障件,6
R133,133,飞行器平台,比例式电控刹车阀及控制器,刹车控制器,刹车控制器电路板故障,飞机接地滑跑刹车停稳后，无法解除刹车预置量和松刹车，反复置刹车压力100%和0%若干次后，发现可以松刹车,刹车控制器电路板故障,更换刹车控制器电路板,2,更换故障件,6
R137,137,飞行器平台,左主起落架,微动开关,左主起落架微动开关在半放下状态时AC已经处于断开状态,起落架应急放试验中，前起落架和右主起落架先后放下到位，但左主起落架在半放下状态时，检测车收到了起落架放下锁死信号，放下锁死灯燃亮，放下时间显示低于正常值，电动泵停止工作,起落架在应急放下过程中，由于左主起落架微动开关在半放下状态时AC已经处于断开状态，造成在前起落架和右起落架放下到位，但左主起落架没有到位时，三个放下锁死微动开关AC点都处于断开状态，飞控计算机误判出现了锁死信号，在左起落架没有完全放下情况下，发出停止电动泵工作指令，控制电动泵停止工作,调整微动开关，使左主起撑杆作动筒放下开锁至上锁行程中AC一直导通，上锁后AC断开,3,维修(无需更换）,6
R138,138,飞行器平台,主起落架,缓冲支柱,缓冲支柱密封件损坏,主起落架缓冲支柱外筒下部漏油,密封件损坏,更换密封件,2,更换故障件,6
R139,139,飞行器平台,主起落架,主起落架,对受损部件目视检查，并将左右侧主起接头起落架法兰盘安装区域及周围脱漆后进行无损检测，检测结果合格,主起落架飞行后检查发现起落架根部出现裂纹,表面漆有裂纹，金属件无问题,非故障,4,无故障,6
R141,141,电气系统,主控制盒,主控制盒,操作不当,主控制盒盒口插头凸头卡销断裂,操作不当,断裂处打磨处理,3,维修(无需更换）,1
R142,142,电气系统,主控制盒,继电器,主控制盒内继电器常开触点粘连,飞行时，无线电高度表不能正常开关机,主控制盒内继电器常开触点粘连导致无线电高度表故障,更换故障继电器,2,更换故障件,1
R144,144,电气系统,主控制盒,继电器,主控制盒内继电器常开触点粘连,地检蓄电池并网1指令信号发出后，飞机无响应,主控制盒内继电器常开触点粘连,更换故障件,2,更换故障件,1
R145,145,电气系统,交流发电机,内滑环,发电机内滑环开裂,发电机建压缓慢，甚至长时间不能建压,发电机内滑环开裂,更换发电机,1,更换故障件,1
R146,146,电气系统,静止变流器,单相变,现场检查惯导正常,惯导转入导航，发动机开车，节风门置115%，惯导显示二级故障，单相变给惯导基础电压无显示,单相变故障,更换故障件,2,更换故障件,1
R147,147,电气系统,主控制盒,过流导线,桨距电机短路,支架安装的继电器的连接导线出现过流烧毁现象，局部导线外的绝缘层脱落，导线未烧断,桨距电机短路导致导线过流烧毁,更换过流导线和过流继电器,2,更换故障件,1
R147,147,电气系统,主控制盒,底板,底板内部存在加工应力,主控制盒底板弯边出现裂纹,底板加工应力导致裂纹出现,更换底板,2,更换故障件,1
R149,149,电气系统,单向变流器,三极管,对机载设备进行检查发现变流器内部短路，导致飞机电流增大,飞机加电后，检测车显示机上电流为119A，随后检测车电源跳闸保护,三极管失效,更换故障件,2,更换故障件,1
R151,151,电气系统,主控制盒,K68继电器,测量主控盒输出端无电压输出,外场试验中发现浆距增指令发出后无输出,K68继电器失效,更换故障件,2,更换故障件,1
R154,154,电气系统,主控制盒,导线,桨距电机接线存在短路点,桨距增大时，主控制盒疑似器件烧毁出现白色气体,主控制盒内导线过流故障原因是由桨距电机接线存在短路点造成,更换继电器、过流导线和烧灼导线,2,更换故障件,1
R155,155,电气系统,主控制盒,导线,桨距电机接线存在短路点,桨距增大时变距机构无反应，主控制盒无输出电压,主控制盒内导线过流故障原因是由桨距电机接线存在短路点造成,更换继电器、过流导线和烧灼导线,2,更换故障件,1
R156,156,电气系统,主控制盒,驱动电路板K39继电器,飞行前检测良好，器件存在老化现象,无线电高度表关机异常故障，在爬升至高度599.1米时，无线电高度表供电标志从1变为0，但1、2号无线电高度表未报故障，关机不成功；高度在867.2米，1、2号无线电高度表开始在正常、故障两个状态间跳变，1200米定高，1、2号无线电高度表依然在跳变；大约4分钟后，无线电高度表自动关机成功,主控制盒内部驱动电路板K39继电器常开触点粘连，器件失效,更换故障件,2,更换故障件,1
R157,157,电气系统,主控制盒,K54继电器,飞机重新上电2次，故障均复现，开关地空开关2次后，恢复正常,调压过程中，断开发动机调压器测试电源开关，电源电压未下降，并且调压器测试低压不反转,K54继电器常开触点粘连，器件失效,更换故障件,2,更换故障件,1
R158,158,电气系统,单相静止变流器,单相静止变流器,单相静止变流器发生故障，无法正常供电,鉴定试飞时，空中出现惯导航姿数据异常跳变现现象 ，飞控未自动切入备份航姿系统，遥控切至备份航姿系统后，航姿数据仍然持续跳变，并频繁进入失速保护，导致无法自主着陆，后经人工姿态遥控，安全着陆,单相静止变流器发生故障，引起惯导励磁交流电异常，逆变电路输入高压母线滤波电容CA4、CA5内部阳极引出片被腐蚀断开导致其容值减小而失效，导致输出电压在0至27.5V之间跳变，最终引起惯导姿态、航向数据异常跳变,对铝电解电容器的橡胶盖板封装处涂覆三防漆措施,3,维修(无需更换）,1
R159,159,电气系统,发电机控制器,发电机控制器,在低频信号下，C1、C2电容的ESR差异很大,历次飞行过程中，电流波动均较大，峰值最大为25A，电压稳定无异常,在低频信号下，C1、C2电容的ESR差异很大，影响到输入电流信号的相位关系，进而影响到输出电流信号波形的品质,对C1、C2电容的ESR配对,3,维修(无需更换）,1
R160,160,侦查系统,光电侦察平台,调焦齿轮,将可见光电视摄像机断电，重新加电后CCD调焦指令仍未执行，将重要汇流条断电现象仍存在,飞机静态检查中，按操作流程给光电平台供电，出现CCD正负调焦指令有回报但未执行的情况,调焦齿轮松动,紧固调焦齿轮,3,维修(无需更换）,0
R161,161,侦查系统,光电侦察平台,红外电源连接器,红外+5V电源连接器接触不良,飞机在联试检查时，出现红外热像仪有自动重启现象,红外+5V电源连接器接触不良,更换故障件,2,更换故障件,0
R162,162,侦查系统,光电侦察平台,平台阻尼减震器,平台阻尼减震器失效,飞行过程中，飞机转弯时平台发生剧烈晃动，致无法跟踪目标,平台阻尼减震器失效,更换故障件,2,更换故障件,0
R163,163,侦查系统,光电侦察平台,减振器,减振器失效,光电平台在飞行转弯过程中，平台有甩动现象，无法稳定跟踪目标,减振器失效,更换故障件,2,更换故障件,0
R164,164,侦查系统,光电侦察平台,限位器件；方位电机驱动器,内框架方向限位器件损坏,飞行过程中，出现平台方位零位丢失，在手动跟踪模式下平台方位角连续自动360度转动，无法控制,内框架方向限位器件损坏，导致方位电机驱动器烧坏,更换限位器件和方位电机驱动器,1,更换故障件,0
R165,165,侦查系统,光电侦察平台,限位器,电限位松动偏离位置,光电平台加电后，手动跟踪状态下，俯仰角无法转动，保持在高限,电限位松动偏离位置,紧固螺钉,3,维修(无需更换）,0
R166,166,侦查系统,光电平台电控箱,可见光视频线,电箱可见光视频线断,光电平台可见光摄像机故障,电控箱可见光视频线断,重新焊接,3,维修(无需更换）,0
R167,167,侦查系统,光电平台电控箱,电视跟踪器,电视跟踪器故障,光电平台可见光摄像机故障,电视跟踪器故障，导致无图像,更换故障件,1,更换故障件,0
R168,168,侦查系统,光电侦察平台,内框架俯仰角位移传感器,内框架俯仰角位移传感器故障,内框架俯仰工作不正常,内框架俯仰角位移传感器故障,更换故障件,1,更换故障件,0
R169,169,侦查系统,光电侦察平台,红外跟踪器,红外跟踪器故障,红外不能正常启动，CCD自动跟踪功能无效,红外跟踪器故障，导致无红外图像，且影响电视跟踪器通讯，从而影响自动跟踪功能,更换故障件,1,更换故障件,0
R170,170,侦查系统,光电侦察平台,红外电源连接器,红外+5V电源连接器接触不良,红外不能正常启动,红外+5V电源连接器接触不良,更换故障件,2,更换故障件,0
R171,171,侦查系统,光电侦察平台,CCD视频线,CCD视频线接触不良,CCD显示有雪花，红外调焦数值不变,CCD视频线接触不良,重新连接CCD视频线,3,维修(无需更换）,0
R171,171,侦查系统,光电侦察平台,红外跟踪器,红外跟踪器故障,红外自动跟踪失效,红外跟踪器故障,更换故障件,1,更换故障件,0
R172,172,侦查系统,光电侦察平台,电源连接器,电源连接器接触不良,CCD摄像机和红外热像仪加电无图像显示,电源连接器接触不良,更换故障件,2,更换故障件,0
R173,173,侦查系统,光电侦察平台,红外电源连接器,红外+5V电源连接器接触不良,可见光电视自动跟踪功能无响应，红外热像仪有图像，跟踪框及十字架没有,红外+5V电源连接器接触不良,更换故障件,2,更换故障件,0
R174,174,侦查系统,光电侦察平台,俯仰感应同步器,外框架俯仰感应同步器激磁信号与设备外壳接触,手动跟踪时图像会抖动，抖动幅度较小，切B柜控制后，现象依然存在,外框架俯仰感应同步器激磁信号与设备外壳接触造成角度值错误，当手动跟踪时，内框架随外框架的角度差转动时必然抖动，图像也随之抖动,重新更换安装感应同步器动片，使激光信号与设备外框架彻底绝缘,2,维修(无需更换）,0
R175,175,侦查系统,光电侦察平台,热像仪,热像仪使用扫描型器件对温度变化敏感,红外图像边缘锯齿状严重，图像模糊,热像仪使用扫描型器件对温度变化敏感，图像景物边缘会根据环境温度和观测景物温度的变化而产生形变,调整热像仪相关温度系数,3,维修(无需更换）,0
R177,177,侦查系统,光电平台吊舱,软件,软件问题,光电平台红外重启，死机,软件问题,对软件进行修改,2,软件,0
R179,179,侦查系统,光电侦察平台,控制电位器,控制电位器漂移,空中红外图像变形，横向拉伸,控制电位器漂移,调整故障件,3,维修(无需更换）,0
R180,180,侦查系统,光电侦察平台,软件,软件问题,飞行过程中，光电平台红外重启后死机，一直重启,软件问题,对软件进行调试,3,维修(无需更换）,0
R181,181,侦查系统,光电侦察平台,软件,软件问题,飞行过程中，光电平台红外重启后死机，一直重启,软件问题,对软件进行调试,3,维修(无需更换）,0
R182,182,侦查系统,光电侦察平台,软件,红外热像仪检查正常后，在使用过程中出现自动重启,发应急关电指令，平台方位保持在90度；发红外调焦，指令未响应，红外断电重启后恢复,软件问题,对软件进行调试,3,维修(无需更换）,0
R183,183,侦查系统,光电侦察平台,外俯仰编码器线路,外俯仰编码器线路断开,发应急关电指令后，平台方位找零位后，外框架不能转动,外俯仰编码器线路断开,连接后故障消除,3,维修(无需更换）,0
R184,184,侦查系统,光电侦察平台,软件,软件问题,红外侦察图像忽明忽暗,软件问题,对软件进行调试,3,维修(无需更换）,0
R185,185,侦查系统,光电侦察平台,软件,软件问题,飞机飞行10min后，光电平台无遥测数据,软件问题,对软件进行调试,3,维修(无需更换）,0
R186,186,侦查系统,光电侦察平台,连接螺钉,返回地面后，手动沿俯仰方向轻推平台外壳，俯仰方向抖动现象再现,鉴定试飞时，在目标跟踪过程中发生短暂的俯仰方向抖动,俯仰齿轮箱末级齿轮与同步减速齿轮件连接螺钉松动，导致末级齿轮与同步减速齿轮间有空回，使俯仰方向稳定性能降低，原设定参数高于空回后参数，引起俯仰方向出现振荡现象,使用螺纹胶加固螺钉，外场更换齿轮箱,1,维修(无需更换）,0
R187,187,侦查系统,光电侦察平台,陀螺,陀螺故障,地面检查中发现光电平台有卡滞抖动现象,陀螺故障,返厂维修,1,维修(无需更换）,0
R188,188,侦查系统,光电侦察平台,光电侦察平台,返回过程中光电平台全部关电再加电后，红外启动正常，但图像效果不好，条纹多,飞行中红外发出校正指令进行校正后，出现自动关机报故现象,红外参数漂移,返厂维修,1,维修(无需更换）,0
R189,189,侦查系统,光电平台电控箱,红外驱动摆镜连接器,红外驱动摆镜连接器接触不良,光电平台红外画质抖动，重新加电无好转，红外自动断电重启三次,红外驱动摆镜连接器接触不良,更换故障件,2,维修(无需更换）,0
R190,190,侦查系统,光电侦察平台,激光电源线,激光电源线经过外框俯仰轴处磨损,光电平台的激光器上电后显示电源故障，激光测距功能失效,激光电源线经过外框俯仰轴处磨损，对机壳出现短路，导致激光无电源，平流报故,走线位置重新布局，导线包扎,3,维修(无需更换）,0
R191,191,侦查系统,光电侦察平台,计算机主板BIOS,计算机主板BIOS设置不当，导致硬件冲突，从而造成计算机无法启动,数码相机加装地面试验中，其配套的检测与下载计算机出现不能启动故障,计算机主板BIOS设置不当，导致硬件冲突，从而造成计算机无法启动,重新正确设置计算机主板BIOS,3,维修(无需更换）,0
R192,192,侦查系统,光电侦察平台；红外热像仪,红外元器件,红外元器件失效,红外热像仪不工作，重启后还是无法工作且设备开始不制冷,红外元器件失效,更换故障件,2,更换故障件,0
R193,193,侦查系统,光电侦察平台；数码相机,螺钉,数据相机机箱内固定相机的螺钉较短，且没有点胶加固,数码相机装前检查中，数码相机机箱内固定相机的螺钉脱落,数据相机机箱内固定相机的螺钉较短，且没有点胶加固，导致脱落,更换故障件,3,更换故障件,0
R193,193,侦查系统,光电侦察平台；数码相机,CP卡,CP卡插排没有锁紧,数码相机装前检查中，过数码相机系统检测与下载计算机检查数码相机功能时，数码相机不能拍照,CP卡插排没有完全插入相机内，接触不良导致相机无法拍照,插紧CP卡插排,3,维修(无需更换）,0
R193,193,侦查系统,光电侦察平台；数码相机,螺钉弹性垫圈,机箱和内部固定电路板的螺钉没有弹性垫圈,数码相机装前检查中，机箱和内部固定电路板的螺钉没有弹性垫圈,NA,加装弹性垫圈,3,维修(无需更换）,0
R194,194,测控系统,视距收发组合,机载上行信号电缆,机载上行信号电缆松动,加电1小时后主遥控键出现闪烁，飞控软件开关在正常和不正常间跳动，检验在正确和错误间跳动,机载上行信号电缆松动，接插不良,将电缆紧固后正常,3,维修(无需更换）,2
R195,195,测控系统,卫通天线,止动块,尼龙齿轮变形,天线齿轮卡滞,尼龙齿轮变形,修复故障件,3,维修(无需更换）,2
R196,196,测控系统,卫通天线,止动块,尼龙齿轮有变形,ku卫通天线极限轴有卡滞现象,尼龙齿轮有变形,修复故障件,3,维修(无需更换）,2
R197,197,测控系统,卫通天线,接收单元变频器电源线,重新加电后依然不能锁定,卫通机载天线显示失锁,接收单元变频器电源线脱焊,重新焊接接收单元变频器电源线,3,维修(无需更换）,2
R198,198,测控系统,卫通天线,机载上变频器,机载上变频器增益偏低,卫通功放功率推不到饱和,机载上变频器增益偏低,更换故障件,2,更换故障件,2
R199,199,测控系统,卫通天线,卫通天线,天线未能上电,重要汇流条并网后，卫通天线未正常工作,卫通天线未能上电,对飞机重新加电,3,维修(无需更换）,2
R200,200,测控系统,卫通天线,接收机入口信号电缆,接收机入口信号电缆松动,静态联试时，卫通天线能锁定，发动机开车后，卫通不能锁定,接收机入口信号电缆松动,紧固接收机入口信号电缆,3,维修(无需更换）,2
R202,202,测控系统,卫通天线,插头接线,插头接线松动,空中卫通下行失锁5min，显示为机载卫通天线方位误差电压大，增大机载功率后正常,插头接线松导致接触不良,重新插拔接头线,3,维修(无需更换）,2
R206,206,测控系统,KU功放组合,机载上变频器,机载上变频器增益偏低,地面联试打开KU无线大功率时，功率指标不够，功率无法推到饱和输出,机载上变频器增益偏低导致功率无法饱和,更换故障件,2,更换故障件,2
R207,207,测控系统,KU功放组合,功放保险,功放保险烧坏,地面站显示报故，指示灯不亮,功放保险烧坏,更换故障件,2,更换故障件,2
R208,208,测控系统,KU功放组合,功放保险,功放保险烧坏,功放打开，没有下行信号,功放保险烧坏,更换故障件,2,更换故障件,2
R210,210,测控系统,卫通链路收发组合,机载低噪信号射频电缆,机载低噪信号射频电缆外皮有小孔,卫通功放打开状态下机载天线接收帧和解调器失锁,机载低噪信号射频电缆外皮有孔，与下行信号电缆绑在一起，存在电磁干扰,更换故障件,2,更换故障件,2
R211,211,测控系统,卫通链路收发组合,机载调制器,机载调制器无输出,卫通下行链路无法建立,经查机载调制器无输出,更换故障件,2,更换故障件,2
R212,212,测控系统,卫通链路收发组合,机载变频模块,机载调制解调器输出载波正常，经变频器变频后，调制波形明显增大,飞机上电，卫通链路无下行信号,调制波形被机载变频模块放大导致无信号,更换故障件,2,更换故障件,2
R213,213,测控系统,卫通链路ku功放组合,供电线缆,供电线缆过细,地面联试过程中，机载卫通功放不能正常工作，风扇不转，TX指示灯不亮,在卫通功放功率增大后，供电线缆没有相应加粗，导致供电线路压降过大，功放正常工作时电流达到30A，长时间工作导致保险管发生慢熔,更换故障件,2,更换故障件,2
R216,216,测控系统,卫通链路收发组合,卫通收发组合,进行中频误码环测，加电2小时无误码，使用模拟转发器进行射频环码误测，未发现故障,地面联试时无上行信号，有下行信号,非故障,非故障,4,无故障,2
R218,218,测控系统,卫通链路收发组合,BDC模块,收发组合下变频器输出信号异常,飞行前功能检查时，在注入密钥之后密码通信半小时左右，上行接收帧不锁定,收发组合下变频器输出信号异常，造成解扩解调器由于中频输入信号异常而不能正常解调上行链路遥控数据，最终导致卫通上行链路接收帧失锁，经查为BDC模块故障,更换故障件,2,更换故障件,2
R219,219,测控系统,机载卫通收发组合；机载卫通功放组合,压控振荡器（VCO）,卫通收发组合在返修期间，焊接压控振荡器VCO时清洗不充分，并有助焊剂残留、吸附杂质，这些造成VCO管壳底部污染,飞行过程中，卫通上行、下行链路中断,压控振荡器管壳底部污染，在综合应力条件下，管壳底部接地不良，VCO输出压控灵敏度等参数超差，导致锁相环路不能如锁，致使变频器本振失锁，导致链路中断,更换故障件,2,更换故障件,2
R220,220,测控系统,应答机,应答机,器件失效,应答机敌我识别系统iff接收为0%,器件失效,更换故障件,1,更换故障件,2
R221,221,测控系统,应答机,数据类型,飞控计算机向应答机发送的数据帧标识指令类型字节中的数据为“OON”，而该指令在接口控制文件中无定义,飞行时航管部门发现飞机上升高度1900m后，应答机始终报1900m，当飞机上升高度2700m时应答机依然报1900m,飞控计算机向应答机发送的数据帧标识指令类型字节中的数据在接口控制文件中无定义，故应答机认为此数据帧无效而不处理,将标识指令类型字节中的数据变为有效数据后，应答机即能正确接收处理高度数据,3,维修(无需更换）,2
R224,224,地面站、车辆,1#卫通天线车,卫星频段,所分配的卫星频段有其它大功率通信,卫通天线车自环载噪比过低，导致下行链路失锁,所分配卫星频段有其它大功率通信，挤占卫星资源，造成故障,更换卫星频段,3,维修(无需更换）,3
R225,225,地面站、车辆,2#卫通天线车,卫星频段,所分配的卫星频段有其它大功率通信,卫通天线车自环载噪比过低，导致下行链路失锁,所分配卫星频段有其它大功率通信，挤占卫星资源，造成故障,更换卫星频段,3,维修(无需更换）,3
R226,226,地面站、车辆,2#卫通天线车,调制解调器,器件失效,调制解调器不能正常工作,器件失效,更换故障件,1,更换故障件,3
R230,230,地面站、车辆,2#卫通天线车,右后上箱螺栓,螺栓断裂,车壁右后上箱螺栓断裂,螺栓断裂,更换故障件,2,更换故障件,3
R231,231,地面站、车辆,2#卫通天线车,ODU1,ODU1故障,用ODU1时不能完成调制与解调,ODU1故障,更换故障件,2,更换故障件,3
R238,238,地面站、车辆,1#卫通设备车,UPS,UPS故障,1#卫通设备车UPS无法正常供电，UPS电池有电,UPS故障,厂家维修,1,维修(无需更换）,3
R239,239,地面站、车辆,2#卫通设备车,UPS,UPS故障,UPS无法启动，ALARM灯报警,UPS故障,更换故障件,1,更换故障件,3
R241,241,地面站、车辆,1#卫通设备车,光缆,光缆故障,联试时，光缆不通,光缆故障,更换故障件,2,更换故障件,3
R242,242,地面站、车辆,2#卫通设备车,扩频调制器2,扩频调制器故障,扩频调制器2载波过低，不能满足正常使用,扩频调制器故障,厂家维修故障件,1,维修(无需更换）,3
R243,243,地面站、车辆,1#卫通设备车,电瓶电缆,电瓶电缆松动,油机电瓶没电，油机不能启动,电瓶电缆松导致接触不良,紧固电瓶电缆,3,维修(无需更换）,3
R244,244,地面站、车辆,1#卫通设备车,扩频调制器1,按键失灵,扩频调制器1按键失灵无法进行参数设置,扩频调制器1按键失灵导致无法进行参数设置,厂家现场维修故障件,3,维修(无需更换）,3
R245,245,地面站、车辆,1#卫通设备车,电源插头,电源插头烧坏,电源插头烧坏,NA,更换故障件,2,更换故障件,3
R247,247,地面站、车辆,2#主指挥控制车,视频数字记录仪,视频数字记录仪故障,视频数字记录仪加电后自动重启，硬盘灯显示红色，自动重启两次后，视频数字记录仪重启启动不起来,视频数字记录仪故障,更换故障件,1,更换故障件,3
R248,248,地面站、车辆,2#主指挥控制车,任务控制柜,故障不再复现,任务控制A柜、B柜无法发送指令,NA,非故障,4,无故障,3
R249,249,地面站、车辆,主指挥控制车,网口连接,网口连接错误,任务控制B机柜网络经常出现未连接现象,网口连接错误,更改网口连接,3,维修(无需更换）,3
R250,250,地面站、车辆,主指挥控制车,网线,经计算机重启，软件重启，更换发送卡后，故障现象仍存在,飞控A机柜上行不通,网线不通,更换故障件,2,更换故障件,3
R251,251,地面站、车辆,2#主指挥控制车,散热片,散热片故障,任务控制B柜开机后网络正常，但使用时网络时断时连续，不稳定,散热片故障,重新安装散热片,3,维修(无需更换）,3
R253,253,地面站、车辆,2#主指挥控制车,计算机主板,计算机主板故障,联试中计算机黑屏死机，重启无法进入操作系统,计算机主板故障,更换故障件,2,更换故障件,3
R256,256,地面站、车辆,1#主指挥控制车,飞控图像显示单元,飞控图像显示单元故障,飞控图像显示单元无法显示图像,飞控图像显示单元故障,更换故障件,2,更换故障件,3
R258,258,地面站、车辆,1#主指挥控制车,计算机主板,计算机主板故障,任务控制A柜电脑无法开机,计算机主板故障,更换故障件,2,更换故障件,3
R268,268,地面站、车辆,1#主视距拖车,信号线接口,信号线接口老化,主视距拖车与馈源连接的信号线接口无法拧下,信号线接口老化,更换故障件,2,更换故障件,3
R269,269,地面站、车辆,1#主视距拖车,旋转变压器,旋转变压器故障,转动天线方位旋钮，天线方位数值显示不连续，且停止时天线有抖动，切外控后，在链路监控席位看不到拖车信息,旋转变压器故障,更换故障件,2,更换故障件,3
R270,270,地面站、车辆,2#主视距拖车,视距拖车信号线,视距拖车信号线接反,视距拖车C全向天线与定向天线无法切换,视距拖车信号线接反,重接信号线,3,维修(无需更换）,3
R271,271,地面站、车辆,2#主视距拖车,无线操纵主板,无线操纵主板长时间不动,天线升起时俯仰方向抖动,无线操纵主板长时间不动，出现氧化现象,用酒精擦拭主板,3,维修(无需更换）,3
R272,272,地面站、车辆,2#主视距拖车,减速机齿轮,减速机齿轮与轴中间键松动,天线俯仰不能控制,减速机齿轮与轴中间键松动,将减速机齿轮与轴中间松动的键紧固,3,维修(无需更换）,3
R273,273,地面站、车辆,2#主视距拖车,GPS天线,GPS天线断裂,GPS天线断裂，收不到信号,GPS天线断裂,更换故障件,2,更换故障件,3
R275,275,地面站、车辆,2#主视距拖车,油机,再次检查故障未复现,油机不能启动,NA,非故障,4,无故障,3
R278,278,地面站、车辆,2#副指挥控制车,指令发射卡,指令发射卡故障,任控机柜指令无法发送,任控机柜指令发射卡故障,更换故障件,2,更换故障件,3
R280,280,地面站、车辆,1#副视距拖车,信号线,信号线故障,主遥控发频跟踪时锁时不锁，主遥控闪烁,信号线故障,更换故障件,2,更换故障件,3
R282,282,地面站、车辆,1#副指挥控制车,CMOS电池,CMOS电池故障,任务规划电脑开机时出现“CMOS ERROR”故障,CMOS电池故障,更换CMOS电池,2,更换故障件,3
R284,284,地面站、车辆,1#副指挥控制车,BIOS电池,BIOS电池失效,飞行前检测中，任务规划机柜计算机自动重启，重启后无法进入操作系统,BIOS电池失效,BIOS电池,2,更换故障件,3
R285,285,地面站、车辆,1#副指挥控制车,电源模块,保险丝烧断,飞行前检测时，北斗用户机加电无法正常启动,电源模块故障,更换故障件,2,更换故障件,3
R288,288,地面站、车辆,2#副指挥控制车,计算机主板,计算机主板芯片损坏,任务控制柜的计算机无法启动,计算机主板芯片损坏,更换故障件,2,更换故障件,3
R292,292,地面站、车辆,1#副视距拖车,出气口罩,出气口罩断裂,出气口罩断裂,NA,更换故障件,2,更换故障件,3
R293,293,地面站、车辆,1#副视距拖车,UPS,UPS故障,UPS未能启动，电池指示灯闪烁,NA,更换故障件,2,更换故障件,3
R295,295,地面站、车辆,1号拖车,高频箱电源插头；跟踪接收机外露插头,高频箱电源1分3插头、跟踪接收机外露插头腐化严重,高频箱电源1分3插头、跟踪接收机外露插头腐化严重,NA,更换故障件,2,更换故障件,3
R295,295,地面站、车辆,2号拖车,高频箱电源插头；跟踪接收机外露插头,高频箱电源1分3插头、跟踪接收机外露插头腐化严重,高频箱电源1分3插头、跟踪接收机外露插头腐化严重,NA,更换故障件,2,更换故障件,3
R295,295,地面站、车辆,3号拖车,高频箱电源插头；跟踪接收机外露插头,高频箱电源1分3插头、跟踪接收机外露插头腐化严重,高频箱电源1分3插头、跟踪接收机外露插头腐化严重,NA,更换故障件,2,更换故障件,3
R295,295,地面站、车辆,4号拖车,高频箱电源插头；跟踪接收机外露插头,高频箱电源1分3插头、跟踪接收机外露插头腐化严重,高频箱电源1分3插头、跟踪接收机外露插头腐化严重,NA,更换故障件,2,更换故障件,3
R297,297,地面站、车辆,2#副视距拖车,信号线,主通道收频像闪烁，分接测距单元闪烁,视距链路下行时有时无,主通道收频像闪烁，分接测距单元闪烁，造成视距链路下行时有时无,更换信号线,2,更换故障件,3
R298,298,地面站、车辆,2#副视距拖车,UPS,UPS故障,UPS不能加电,UPS故障,更换故障件,1,更换故障件,3
R306,306,地面站、车辆,2#作战指挥与模拟训练车,电源模块,电源模块故障,无遥测信号，有视频信号,电源模块故障,更换故障件,1,更换故障件,3
R307,307,地面站、车辆,2#作战指挥与模拟训练车,软件,软件版本低,打开BZK-005/A软件，无法选择显示飞机遥测数据,软件版本低,升级软件,2,软件,3
R308,308,地面站、车辆,2#作战指挥与模拟训练车,光缆,光缆故障,2#地面站作模车在联试中有图像无遥测,光缆故障,更换故障件,2,更换故障件,3
R309,309,地面站、车辆,2#作战指挥与模拟训练车,计算机主板,计算机主板故障,计算机启动第三路信号输入视频矩阵无显示,计算机主板故障,更换故障件,2,更换故障件,3
R313,313,地面站、车辆,2#作战指挥与模拟训练车,光缆插头,光缆插头故障,作模车光缆通信故障,光缆插头故障,更换故障件,2,更换故障件,3
R314,314,地面站、车辆,1#作战指挥与模拟训练车,控制站末端电流变换器,电流变换器故障,1号地面站的作模车接收不了遥测信号,控制站末端电流变换器故障,更换故障件,1,更换故障件,3
R315,315,地面站、车辆,外控盒,外控线,外控线故障,外控线信号不正常,外控线故障,更换故障件,2,更换故障件,3
R316,316,地面站、车辆,外控盒,外控线,外控线故障,语音通信故障，主站不能接收外控语音，但外控可接收主站语音,外控线故障,更换故障件,2,更换故障件,3
R318,318,地面站、车辆,情报处理车,UPS1机箱,UPS1机箱自燃,UPS1机箱自燃,设计问题,更改设计，更换故障件,1,更换故障件，改进设计,3
R319,319,地面站、车辆,情报处理车,UPS2机箱,UPS1机箱自燃,UPS2机箱自燃,设计问题,更改设计，更换故障件,1,更换故障件，改进设计,3
R320,320,地面站、车辆,情报处理车,软件,软件故障,视频处理软件“图像采集”时间较长，矫正软件对彩色图像无法进行校正,软件故障,更改软件,2,软件,3
R321,321,地面站、车辆,情报处理站,鼠标,鼠标损坏,情报处理站视频处理2席位视频处理主机启动后死机无法进行键盘鼠标操作，经多次断电重启后仍然不能恢复正常,视频处理主机需要连接鼠标键盘共享器，键盘共享器启动时，要对键盘鼠标进行自检，如果鼠标或键盘工作不正常，则共享器无法正常工作,更换故障件,2,更换故障件,3
R325,325,地面站、车辆,维修检测车,油机排气管,油机排气管与消音器脱开,油机排气管与消音器脱开，废气从脱开处排出,NA,重新固定排气口和消声器结合部分,3,维修(无需更换）,3
R326,326,地面站、车辆,维修检测车,备用电池,备用电池故障,备用电池电压明显降低,备用电池故障,更换故障件,2,更换故障件,3
R331,331,地面站、车辆,1#维修检测车,油机电源,油机电源松动,上电时电源电压低于正常值，调节电压调节旋钮，电压调不到正常值,油机电源松动,紧固油机电源,3,维修(无需更换）,3
R334,334,地面站、车辆,GPS差分地面站,DGPS接收天线,DGPS接收天线损坏,DGPS接收天线损坏，无法接收,NA,更换故障件,1,更换故障件,3
R335,335,地面站、车辆,GPS差分地面站,接收机面板电缆,差分站接收机面板电缆断掉,差分站接收机面板电缆断掉,NA,更换故障件,2,更换故障件,3
R336,336,地面站、车辆,GPS差分地面站,DGPS,DGPS故障,DGPS故障，工作不稳定,NA,更换故障件,1,更换故障件,3
R339,339,地面站、车辆,卫通天线车,天线驱动单元变频器,天线撤收时，故障消失，天线可以正常转动,设备展开的过程中，天线的俯仰不能转动。后接上手提驱动箱后，天线方位、俯仰转动正常,天线驱动单元的变频器受到现场220V交流电出现瞬间的电压波动的影响，造成Lv自保护，引起天线俯仰无法转动,非故障,4,无故障,3
R346,346,地面站、车辆,视频处理2席位,鼠标,鼠标损坏,情报处理站视频处理2席位视频处理主机启动后死机无法进行键盘鼠标操作，经多次断电重启后仍然不能恢复正常,视频处理主机需要连接鼠标键盘共享器，键盘共享器启动时，要对键盘鼠标进行自检，如果鼠标或键盘工作不正常，则共享器无法正常工作,更换故障件,2,更换故障件,3
R348,348,动力装置系统,发动机,短舱下罩,未进行发动机预装配,发动机安装到位后，发动机短舱下罩安装孔无法全部对齐，且与发动机短舱上罩无法连接,发动机上、下罩装配不合理,返修下罩，重新钻孔,1,维修(无需更换）,4
R349,349,动力装置系统,发动机,短舱上罩；短舱下罩,预装配时未修配,短舱上罩组件和下罩组件安装后，其后边缘与螺旋桨桨叶表面干涉,预装配时未修配,修锉短舱上、下罩后缘,3,维修(无需更换）,4
R350,350,动力装置系统,发动机,发动机,热车后故障消失,发动机试车过程中，发动机工作异常并伴有喘振现象,冷机状态下，燃油雾化处于临界状态，易产生缺缸燃烧现象，热车后故障消失,非故障,4,无故障,4
R351,351,动力装置系统,发动机,冷却液回流管O型圈,发动机1号缸缸头冷却液弯头处O型圈失效,发动机1号缸缸头冷却液弯头处渗漏,O型圈失效,更换故障件,2,更换故障件,4
R352,352,动力装置系统,螺旋桨,防护贴,螺旋桨无损伤,防护贴裂纹,外物打伤,更换故障件,2,更换故障件,4
R353,353,动力装置系统,螺旋桨,防护贴,螺旋桨无损伤,防护贴裂纹,外物打伤,更换故障件,2,更换故障件,4
R354,354,动力装置系统,螺旋桨,桨距电机,桨距电机烧毁,地面进行桨距大增大减，微减无反应,桨距电机烧毁,更换故障件,1,更换故障件,4
R355,355,动力装置系统,螺旋桨,变距机构,变距机构卡滞,飞机在飞行过程中，桨距大增3次后，继续增桨距无效，但桨距减正常,变距机构卡滞,更换故障件,1,更换故障件,4
R356,356,动力装置系统,螺旋桨,防护贴,螺旋桨运转过程中偶然发生的杂物碰撞损伤,螺旋桨防护贴出现裂纹,螺旋桨运转过程中偶然发生的杂物碰撞损伤,更换故障件,2,更换故障件,4
R357,357,动力装置系统,螺旋桨,桨距电机,变距机构卡滞,调桨距时，桨距减幅度很小,变距机构卡滞,用热风枪给桨距电机加热后,3,维修(无需更换）,4
R358,358,动力装置系统,螺旋桨,桨距电机,变距机构卡滞,桨距减工作不正常,变距机构卡滞,用热风枪给桨距电机加热后,3,维修(无需更换）,4
R359,359,动力装置系统,螺旋桨,桨距电机,变距机构卡滞,大增大减不连续，微增微减无反应,变距机构卡滞,用热风枪给桨距电机加热后,3,维修(无需更换）,4
R360,360,动力装置系统,螺旋桨,桨距电机,变距机构卡滞,大增大减不连续，微增微减无反应,变距机构卡滞,用热风枪给桨距电机加热后,3,维修(无需更换）,4
R361,361,动力装置系统,螺旋桨,桨距电机,镜检发现在三组绕组端头附近有四处断点，断裂位置均位于熔融玻璃封装内,飞机在试车过程中无法对桨距进行增减,可能的原因一，交变热应力累积导致电机绕组的铜线断路或虚接；可能的原因二，绕组高速旋转带来离心剪切力造成铜线疲劳，与交变热应力累积造成的铜线强度下降耦合之后，离心力影响加剧铜线断路,更换故障件,2,更换故障件,4
R362,362,动力装置系统,螺旋桨,桨距电机,镜检发现在三组绕组端头附近有四处断点，断裂位置均位于熔融玻璃封装内,增减桨距无反应,可能的原因一，交变热应力累积导致电机绕组的铜线断路或虚接；可能的原因二，绕组高速旋转带来离心剪切力造成铜线疲劳，与交变热应力累积造成的铜线强度下降耦合之后，离心力影响加剧铜线断路,更换故障件,2,更换故障件,4
R363,363,动力装置系统,冷却液散热器,冷却液散热器,散热器本体损坏,冷却液散热器本体有渗漏,散热器支架安装应力过大导致散热器本体损坏，渗漏冷却液,更换故障件，改进设计,1,更换故障件，改进设计,4
R364,364,动力装置系统,冷却液散热器,冷却液散热器,散热器本体损坏,冷却液散热器局部有渗漏,散热器支架安装应力过大导致散热器本体损坏，渗漏冷却液,更换故障件，改进设计,1,更换故障件，改进设计,4
R365,365,动力装置系统,空滤支架,空滤支架,空滤支架断裂,空滤支架断裂,空滤支架材料强度不够,更换故障件，更改设计,1,更换故障件，改进设计,4
R365,365,动力装置系统,温度传感器,温度传感器线缆,温度传感器线缆破裂,排气2、4缸头温度传感器线缆破裂,振动摩擦导致磨损,更换故障件，并在传感器易磨损部位添加防磨套,2,更换故障件，改进设计,4
R366,366,动力装置系统,发动机,启动油路钢索,启动油路钢索太粗,启动油路回位不彻底，拆卸汽化器时启动油路钢索易打弯、分叉,起动油路钢索太粗，摩擦力过大,更换故障件，更改设计,1,更换故障件，改进设计,4
R367,367,动力装置系统,散热器,散热器支架,处于应力腐蚀环境,散热器支架与发动机机体连接处右侧圆杆断裂,应力腐蚀、过载造成断裂,更换故障件,2,更换故障件,4
R368,368,动力装置系统,废气活门舵机,废气活门舵机,分解故障舵机，舵机角位置传感器合金电刷脱落，经电镜检查未发现有焊接质量问题,地检12V电源开启后，TCU故障警告灯黄色闪烁，废气活门舵机不工作，未自检，弹簧未运动,舵机角位置传感器合金电刷脱落导致废气活门舵机故障，造成无法检测到信号而卡死,更换故障件,1,更换故障件，改进设计,4
R369,369,动力装置系统,燃油油滤口盖,十字螺钉,密封不严,燃油滤口盖处十字螺钉渗油,密封不严,更换故障件，并涂密封胶,2,更换故障件,4
R370,370,动力装置系统,燃油油滤口盖,十字螺钉,密封不严,燃油滤口盖处十字螺钉渗油,密封不严,更换故障件，并涂密封胶,2,更换故障件,4
R373,373,动力装置系统,起动油路,钢索,起动油路钢索与钢索接头连接处有断丝,起动油路钢索与钢索接头连接处有二分之一股断丝,NA,更换故障件,2,更换故障件，改进设计,4
R374,374,动力装置系统,散热器,支架,散热器支架焊点处断裂,地面检查发现散热器支架焊点处断裂,NA,更换故障件,2,更换故障件，改进设计,4
R375,375,动力装置系统,发动机,空气盒压力传感器,查看检测车数据，空气盒压力过高、空气盒温度过高。查看TCU数据，TCU测量的空气盒压力异常,试车过程中，节风门推至100%时，转速达到5700rpm，排气管冒黑烟，并有2次放炮声音,TCU测量的空气盒压力传感器插头接触不良导致测量数据出现“低指”现象，增压系统调节异常，在较大风门状态下，空气盒压力超限，同时带动空气盒温度超温，在此状态下，发动机产生了爆燃和高油燃烧,更换故障件,1,更换故障件，改进设计,4
R377,377,动力装置系统,螺旋桨,前缘防护贴,防护贴开裂,飞行后检查发现，一叶螺旋桨迎风刀面前缘金属保护薄膜出现疑似挤压的褶皱和2条裂纹，存在砂眼,承受较大外力造成防护贴开裂,更换故障件,2,更换故障件，改进设计,4
R378,378,动力装置系统,螺旋桨,桨距电机碳刷,碳刷断裂,在更换桨距电机油脂时，检查发现碳刷断裂成6个碎块,碳刷存在个别产品质量问题,更换螺旋桨变距电机,1,更换故障件,4
R379,379,动力装置系统,螺旋桨,桨距电机碳刷,电机两侧碳刷弹簧断裂，电机后壳断裂,增减桨距无效,碳刷与转子接触不良导致供电断路，导致电机后壳断裂,更换桨距电机,1,更换故障件,4
R381,381,动力装置系统,螺旋桨,桨距电机螺钉螺母垫片,电机内螺钉螺母有划伤，垫片缺失,桨距电机内部螺杆头不固定,螺钉螺母划伤、垫片缺失导致不固定,更换故障件,2,更换故障件,4
R382,382,动力装置系统,螺旋桨,桨距电机,内部短路,桨距电机不工作,桨距电机内部短路导致不工作,更换故障件,1,更换故障件,4
R383,383,动力装置系统,螺旋桨,桨距电机螺杆、碳刷,电机内部螺杆滑丝、碳刷断裂,桨距电机通电不工作,电机内部螺杆滑丝、碳刷断裂导致电机不工作,更换故障件,1,更换故障件,4
R383,383,动力装置系统,螺旋桨,桨距电机,通电检查运行正常，电阻正常,桨距角无法调到最小值,NA,非故障，按规程进行维护后恢复正常变距范围,4,维修(无需更换）,4
R383,383,动力装置系统,螺旋桨,桨距电机齿轮及护套环,通电检查正常，拆解发现齿轮磨损及护套环松动,桨距角无法调到最小值,齿轮磨损及护套环松动导致故障,更换故障件,2,更换故障件,4
R384,384,动力装置系统,螺旋桨,桨距电机端盖,驱动线缆自焊点断裂、螺钉松脱,桨距电机端盖松动,驱动线缆自焊点断裂且由于螺钉松脱导致电机端盖松动,更换桨距电机,1,更换故障件,4
R384,384,动力装置系统,螺旋桨,桨距电机,厂家检查测量最小变距角度为14°，按规程进行变距机构维护，检查各级齿轮及电机无异常,变距角度达不到标准,可能是由于存放时间过长导致油脂粘度增加导致,重新组装故障排除,3,维修(无需更换）,4
R385,385,导弹飞控系统,机载GPS接收机,机载GPS接收机,现场再次通电故障消失,BGPS故障信号灯显示红色,NA,非故障,4,无故障,5
R386,386,导弹飞控系统,机载GPS接收机,机载GPS接收机,第一次通电故障，第二次通电正常,第一次通电时GPS接收机未能正确定位飞机位置，第二次通电正常,器件老化失效,更换故障件,1,更换故障件,5
R387,387,导弹飞控系统,机载GPS接收机,机载GPS接收机,GPS接收机收星颗数少，收星时间长，器件老化,GPS接收机差分状态不稳定,器件老化导致卫星信号接收能力下降，接收灵敏度降低,更换故障件,1,更换故障件,5
R388,388,导弹飞控系统,机载GPS接收机,机载GPS接收机,GPS接收机收星颗数少，收星时间长，器件老化,GPS接收机差分状态不稳定,器件老化导致卫星信号接收能力下降，接收灵敏度降低,更换故障件,1,更换故障件,5
R389,389,导弹飞控系统,机载GPS接收机,机载GPS接收机,后期通电检查，上电3min，导航初始化开始定位；器件老化,飞行联试时，上电40min后差分信号中断,器件老化导致卫星信号接收能力下降，接收灵敏度降低,更换故障件,1,更换故障件,5
R390,390,导弹飞控系统,大气数据计算机,大气数据计算机,该批产品均出现故障,地面联试，左右大气数据计算机气压高度相差10左右,批次性产品质量问题,故障件返厂维修,1,维修(无需更换）,5
R391,391,导弹飞控系统,大气数据计算机,大气数据计算机,该批产品均出现故障,地面联试，左右大气数据计算机气压高度相差10左右,批次性产品质量问题,故障件返厂维修,1,维修(无需更换）,5
R392,392,导弹飞控系统,大气数据计算机,大气数据计算机,该批产品均出现故障,地面联试，左右大气数据计算机气压高度相差10左右,批次性产品质量问题,故障件返厂维修,1,维修(无需更换）,5
R393,393,导弹飞控系统,大气数据计算机,大气数据计算机,该批产品均出现故障,地面联试，左右大气数据计算机气压高度相差10左右,批次性产品质量问题,故障件返厂维修,1,维修(无需更换）,5
R394,394,导弹飞控系统,大气数据计算机,大气数据计算机,该批产品均出现故障,地面联试，左右大气数据计算机气压高度相差10左右,批次性产品质量问题,故障件返厂维修,1,维修(无需更换）,5
R395,395,导弹飞控系统,大气数据计算机,大气数据计算机,该批产品均出现故障,地面联试，左右大气数据计算机气压高度相差10左右,批次性产品质量问题,故障件返厂维修,1,维修(无需更换）,5
R396,396,导弹飞控系统,大气数据计算机,大气数据计算机,该批产品均出现故障,地面联试，左右大气数据计算机气压高度相差10左右,批次性产品质量问题,故障件返厂维修,1,维修(无需更换）,5
R397,397,导弹飞控系统,大气数据计算机,Ps传感器；Pt传感器,Ps、Pt传感器故障,气压高度超高,Ps、Pt传感器故障,更换故障件,2,更换故障件,5
R398,398,导弹飞控系统,大气数据计算机,Ps传感器；Pt传感器,Ps、Pt传感器故障,气压高度超高,Ps、Pt传感器故障,更换故障件,2,更换故障件,5
R399,399,导弹飞控系统,大气数据计算机,Ps传感器；Pt传感器,Ps、Pt传感器故障,气压高度超高,Ps、Pt传感器故障,更换故障件,2,更换故障件,5
R400,400,导弹飞控系统,大气数据计算机,Ps传感器；Pt传感器,Ps、Pt传感器故障,气压高度超高,Ps、Pt传感器故障,更换故障件,2,更换故障件,5
R403,403,导弹飞控系统,无线电高度表,电位器RP2,返厂检测，误差超出正常精度范围-0.3m～0.3m,外场试验中，高度表测量值超出误差范围,电位器RP2调节错误导致误差,调节故障件,3,维修(无需更换）,5
R404,404,导弹飞控系统,无线电高度表,无线电高度表,高度表故障,无线高度表显示数值超出误差范围,高度表故障,更换故障件,1,更换故障件,5
R405,405,导弹飞控系统,速率陀螺组件,A通道航向陀螺仪,经查A通道航向故障,2号陀螺俯仰方向输出数值无变化,A通道航向故障导致2号陀螺俯仰方向输出数值无变化,更换故障件,1,更换故障件,5
R406,406,导弹飞控系统,速率陀螺组件,C通道航向陀螺仪,经查C通道航向故障,3号角速度陀螺俯仰通道无输出,C通道航向故障导致3号角速度陀螺俯仰通道无输出,更换故障件,1,更换故障件,5
R407,407,导弹飞控系统,速率陀螺组件,A通道航向陀螺仪,经查A通道航向故障,1号角速度陀螺俯仰通道无输出,A通道航向故障导致1号陀螺俯仰方向输出数值无变化,更换故障件,1,更换故障件,5
R408,408,导弹飞控系统,速率陀螺组件,线路控制板,常温状态故障未复现，低温状态下表现为有时会无法接通,速率陀螺中俯仰2号陀螺晃动时显示数据不正确,线路控制板故障,更换故障件,2,更换故障件,5
R409,409,导弹飞控系统,速率陀螺组件,角速率陀螺,上电检测发现俯仰2号偏航、1号无数据变化,滑行时，角速率陀螺故障,器件失效,更换故障件,1,更换故障件,5
R410,410,导弹飞控系统,速率陀螺组件,A通道俯仰陀螺仪；B通道俯仰陀螺仪,返厂检查，各通道性能合格但陀螺电机声音大,测控飞行中报一次故障,分析为单个陀螺超差导致故障,更换故障件,1,更换故障件,5
R411,411,导弹飞控系统,速率陀螺组件,A通道倾斜配套陀螺仪,地面检测A通道横滚陀螺故障，返厂检查A通道倾斜无梯度输出,飞行中陀螺报故,A通道倾斜配套陀螺仪故障导致陀螺报故,更换故障件,1,更换故障件,5
R412,412,导弹飞控系统,速率陀螺组件,C通道航向陀螺同步器,C通道航向陀螺同步器输出线圈缆线整形时受损,空中报一次故障,C通道航向陀螺同步器输出线圈缆线整形时受损，低温下收缩断裂，导致报故,返厂维修,1,维修(无需更换）,5
R413,413,导弹飞控系统,垂直陀螺,2N2222三极管,线路板上2N2222三极管损坏,飞行中2号垂直陀螺报故,线路板上2N2222三极管损坏,更换故障件,2,更换故障件,5
R417,417,导弹飞控系统,垂直陀螺,垂直陀螺,返厂复查合格,飞行时报故，飞参分析垂直陀螺输入值为“0”,NA,非故障,4,无故障,5
R418,418,导弹飞控系统,垂直陀螺,2N2222三极管,常温状态故障未复现，低温状态下发现线路板不延时,飞行时报故，飞参分析垂直陀螺输入值为“0”,线路板上2N2222三极管被击穿 ,更换故障件,2,更换故障件,5
R424,424,导弹飞控系统,垂直陀螺,垂直陀螺,2号垂直陀螺俯仰超差，俯仰角不稳定,开车时，2号垂直陀螺俯仰超差，俯仰角不稳定,2号垂直陀螺俯故障,更换故障件,1,更换故障件,5
R425,425,导弹飞控系统,垂直陀螺,垂直陀螺,调整后状况不变,垂直陀螺俯仰超差,垂直陀螺故障,更换故障件,1,更换故障件,5
R427,427,导弹飞控系统,差分GPS地面站接收机,差分GPS地面站接收机,产品年代久远,接收卫星速度慢，4分钟未定位，收星数明显少于同等条件下其他同型号的接收机,产品性能老化,更换故障件,1,更换故障件,5
R428,428,导弹飞控系统,飞控计算机,EPROM器件,CPU通道2的EPROM器件失效,处理器1中断口故障，处理器1CCDL口故障；处理器2中断口故障，处理器2CCDL口故障；处理器3RAM口故障，处理器3NVM口故障，处理器3定时器1口故障，处理器3通道故障口故障，处理器3中断口故障，处理器3CCDL口故障，处理器3CPU口故障,CPU通道2的EPROM器件失效,更换故障件,2,更换故障件,5
R429,429,导弹飞控系统,速率陀螺组件,软件,抗干扰天线中无GLOASS频点，射频天线缺少，环境温度较高,在飞机起飞离地过程中，速率陀螺报一次故障,抗干扰天线中无GLOASS频点，射频天线缺少，这部分增益导致接收机GLOASS射程通道输出功率小于正常值，同时在环境温度较高时，机箱温度升高，射频通道本身的增益也降低，以上因素导致GLOASS通道输出功率小于门限值，接收机报故障,更改软件，将对比GLOASS通道检测删除,2,更换故障件，改进设计,5
R430,430,导弹飞控系统,惯性导航部件,A1板；A12板,A1、A12板故障,惯导报“一级故障”,A1、A12板故障,更换故障件,2,更换故障件,5
R431,431,导弹飞控系统,惯性导航部件,多余轴锁定电路,多余轴锁定电路故障,惯导报二级故障，天线无法进入导航,多余轴锁定电路故障,更换故障件,2,更换故障件,5
R432,432,导弹飞控系统,惯性导航部件,校零开关,校零开关故障,惯导报二级故障,校零开关故障,更换故障件,2,更换故障件,5
R433,433,导弹飞控系统,惯性导航部件,导电环,间隔5分钟重新上电，惯导开机5秒后报二级故障,惯导开机时正常对准，50秒后报一级故障，惯导自动关闭,导电环故障,更换故障件,2,更换故障件,5
R435,435,导弹飞控系统,惯性导航部件,备用环,备用环故障,惯导报二级故障,备用环故障,更换故障件,2,更换故障件,5
R436,436,导弹飞控系统,INS/卫星/地标组合导航系统,滤波电容,滤波电容故障,惯导采用正常罗经对准，对准时间1812秒，状态码显示50，二级故障显示灯亮，故障信息显示“未定义”，惯导关闭5min后再开机采用正常罗经对准，对准时间785秒，状态码显示50，二级故障显示灯亮，故障信息显示“未定义”，惯导上的故障灯显示黑白相间的故障信号,滤波电容故障,更换故障件,2,更换故障件,5
R438,438,导弹飞控系统,通风盒,接线板,接线板故障,飞机加电约5min后听见前舱内发出一声异响，车上115V电源同时跳闸，随后在惯导通风口处有烟冒出,接线板故障导致惯导通风盒烧坏,更换通风盒,1,更换故障件,5
R439,439,导弹飞控系统,通风盒,A1板；A12板,A1、A12板故障,加电后，通风盒电机不转,A1、A12板故障,更换故障件,2,更换故障件,5
R440,440,导弹飞控系统,数传电台,数传电台,数传电台故障,接收不到地面差分GPS信号,数传电台故障,更换故障件,1,更换故障件,5
R442,442,导弹飞控系统,数传电台,数传电台,数传电台故障,飞机无DGPS信号,数传电台故障,更换故障件,1,更换故障件,5
R443,443,导弹飞控系统,数传电台,射频线,射频线受损,飞行时，主控车差分状态信号闪烁，电台作用距离超过5～9km后接受不正常，灵敏度低于标称,射频线受损,更换故障件,2,更换故障件,5
R444,444,导弹飞控系统,数传电台,信号电源,电台信号电源线插头松动,地面检测时无差分信号，上电时指示灯不亮,电台信号电源线插头松动导致插头焊脚虚焊致使指示灯不亮,用电烙铁加焊信号电源线管脚，用更换弹片、点胶的方式加固插头,3,维修(无需更换）,5
R445,445,导弹飞控系统,数传电台,电源模块,电源模块输入端地线断开,地面联试无差分信号，数传电台工作指示灯不亮,电源模块输入端地线断开，使得无法正常供电，指示灯不亮,将电源模块地线正确接入电路,3,维修(无需更换）,5
R446,446,导弹飞控系统,数传电台,电缆组件,电台天线电缆连接器导线接触簧片有形变,外场试验无法进行差分工作,导线接触簧片有形变，使用时由于振动原因造成接触不良,更换故障件,2,更换故障件,5
R447,447,导弹飞控系统,数传电台,电缆,屏蔽套把线缆扎破,数传电台空中作用距离低于正常值,屏蔽套把线缆扎破而短路,更改机上电缆，在金属屏蔽套和线缆之间增加热塑管,3,维修(无需更换）,5
R448,448,导弹飞控系统,数传电台,电缆,接通电源后指示灯不亮，串口无法接入数据，无法通过串口设置电台,外场试验中，数传电台工作指示灯不亮，且无法工作,电缆焊接松动,将原有电台结构件更换为具有卡口功能的结构件，对内部电缆重新焊接固定,2,维修(无需更换）,5
R449,449,导弹飞控系统,PCC数传电台,电缆,无法接收差分信号，且无法通过计算机连接设置,外场试验中无差分信号,由于lemo5芯插头可转动导致电缆焊接松动，影响模块与接插件正常通信及指示,将原有电台结构件更换为具有卡口功能的结构件，对内部线缆重新固定,2,维修(无需更换）,5
R450,450,导弹飞控系统,惯性导航部件,软件,DGPS接口程序错误判断DGPS数据,在地面联试中，导航模式为INS/DGPS时，惯导不规则报“DGPS无效”,卫通接口软件在解析DGPS数据时，会将时间包中的数据当作速度包中的某位来处理，不符合包头条件，造成数据丢包,更改了卫通接口软件,2,更换故障件，改进设计,5
R451,451,导弹飞控系统,惯性导航部件,导航软件,软件设计缺陷,加改装鉴定试飞中，飞机在折返飞行时，惯导报约3s的纯惯性状态,软件设计缺陷,对导航软件进行升级,2,更换故障件，改进设计,5
R452,452,导弹飞控系统,左副翼；襟副翼；扰流片控制盒,左副翼；襟副翼；扰流片控制盒,左副翼、襟副翼、扰流片控制盒故障,舵面检查时，左襟副翼报故显示RVDT1、DSP1、HALL1，模型监控1，欠压1，定时器1，AD转换1,左副翼、襟副翼、扰流片控制盒故障,更换故障件,1,更换故障件,5
R453,453,导弹飞控系统,右副翼；襟副翼；扰流片控制盒,右副翼；襟副翼；扰流片控制盒,右副翼、襟副翼、扰流片控制盒故障,右机翼舵机报欠压故障，余度2、DVDT2、DSP2、HALL2、模型监控2、欠压2、定时器2、AD转换2、余度1,右副翼、襟副翼、扰流片控制盒故障,更换故障件,1,更换故障件,5
R454,454,导弹飞控系统,右方向舵舵机,右方向舵舵机,性能复测、环境试验，故障未复现,在地面联试过程中，发生右方向舵舵机卡滞问题,产品返厂后，进行,非故障,4,无故障,5
R455,455,导弹飞控系统,速率陀螺组件,软件,抗干扰天线中无GLOASS频点，射频天线缺少，环境温度较高,起飞离地过程中，速率陀螺报一次故障,抗干扰天线中无GLOASS频点，射频天线缺少，这部分增益导致接收机GLOASS射程通道输出功率小于正常值，同时在环境温度较高时，机箱温度升高，射频通道本身的增益也降低，以上因素导致GLOASS通道输出功率小于门限值，接收机报故障,更改软件，将对比GLOASS通道检测删除,2,更换故障件，改进设计,5
R456,456,导弹飞控系统,飞控计算机,外部被采信号,故障接口为起落架压缩信号，产品后续经过各种环境试验未发现异常,飞行准备过程中，飞控计算机DIO离散输入输出板二次故障,故障接口为起落架压缩信号，该信号分三路送至飞控计算机采集，每路又被飞控计算机的两块DIO板进行读取，两块DIO板对三路信号的采集都不一致，因此分析故障与外部被采信号不稳定相关,该信号对飞行安全无影响，可以继续使用,4,无故障,5
R457,457,导弹飞控系统,惯性导航部件,导航软件,软件设计缺陷,加改装鉴定试飞中，飞机在折返飞行时，惯导报约3s的纯惯性状态,软件设计缺陷,对导航软件进行升级,2,更换故障件，改进设计,5
R458,458,导弹飞控系统,惯导/卫星组合导航系统,惯性导航部件,对当日飞行情况进行分析，出现惯导位置速度超差，重新对准惯导后，陀螺方位数据恢复正常；起飞前进行地面对准时进行了飞机舵面测试,飞机着陆后，未对惯导进行断电，现场拷贝该架机参数，陀螺方位轴Z轴存在异常,对准时进行了飞机舵面测试，该项工作有可能影响惯导对准精度，惯导报位速超差是由于地面对准时，航向出现较大漂移误差造成,更改飞机地面准备工艺流程，明确了在惯导对准过程中，不进行飞机其它准备工作,3,更换故障件，改进设计,5
R459,459,导弹飞控系统,GPS板卡,GPS板卡,经实际收星测试，接收机收星数量低于标准值，且解算困难，定位时间长；板卡老化,在机务准备过程中，静态联系完毕后，交测控后无差分信号,板卡老化，收星灵敏度下降,更换故障件,3,更换故障件,5
R460,460,导弹飞控系统,天线,天线,测试约6个小时，将串口输出的语句信息保存在TXT文档中，没有发现不定位的信息,天线经常出现突然无DGPS信号，且能够自行恢复正常,NA,非故障，继续观察使用,4,无故障,5
R461,461,飞行器平台,机体,机身,蒙皮对接缝处漆膜开裂，漆膜鼓包,机体左前机身下方有一处裂纹，其下方有一处鼓包,NA,补漆,3,维修(无需更换）,6
R462,462,飞行器平台,机体,尾撑管,制造缺陷,尾撑管尾部一托板螺母松动,制造缺陷,现场修理,3,维修(无需更换）,6
R463,463,飞行器平台,机体,机身,未按图纸开对接工艺槽,机身、机翼对接部位机身一侧后缘处有裂纹,未按图纸开对接工艺槽，对接时导致后缘蒙皮挤裂,重新加工,1,维修(无需更换）,6
R464,464,飞行器平台,机体,机身,未按图纸开对接工艺槽,机身、机翼对接部位机身一侧后缘处有裂纹,未按图纸开对接工艺槽，对接时导致后缘蒙皮挤裂,重新加工,1,维修(无需更换）,6
R465,465,飞行器平台,机体,机身,未按图纸开对接工艺槽,机身、机翼对接部位机身一侧后缘处有裂纹,未按图纸开对接工艺槽，对接时导致后缘蒙皮挤裂,重新加工,1,维修(无需更换）,6
R466,466,飞行器平台,机翼对接衬套,机翼对接衬套,衬套脱粘,机翼对接衬套松动，固定衬套用的胶粘性不强、7框机体两衬套划伤,衬套脱粘,更换故障件,2,更换故障件,6
R468,468,飞行器平台,右主起落架,缓冲支柱外筒,着陆过程中航向角与航迹角夹角过大,飞机着陆后检查发现右主起落架缓冲支柱外筒顶部有较大裂纹,由于着陆过程中航向角与航迹角夹角过大，产生侧向力，将起落架拉坏,更换起落架,1,更换故障件,6
R469,469,飞行器平台,左主起落架,缓冲支柱外筒,着陆过程中航向角与航迹角夹角过大,飞机着陆后检查发现左主起落架缓冲支柱外筒顶部有较大裂纹，舱门拉杆断裂,由于着陆过程中航向角与航迹角夹角过大，产生侧向力，将起落架拉坏,更换起落架,1,更换故障件,6
R470,470,飞行器平台,左主起落架,微动开关,控制微动开关电缆触头与控制微动开关间隙过大,左主起落架微动开关故障导致全压缩信号一直为0，无法正常起飞,微动开关电缆触头距离调整不到位，形成间隙过大，导致全压缩信号一直为0,控制微动开关电缆触头与控制微动开关接触距离，确保全压缩信号为1,3,维修(无需更换）,6
R471,471,飞行器平台,电源模块,电源模块,电源模块故障,电源模块发热并有糊味，无法预置刹车预置量,电源模块故障,更换故障件,1,更换故障件,6
R472,472,飞行器平台,电源模块,电源模块,电源模块故障,电源模块上电后外部温度高发烫,电源模块故障,更换故障件,1,更换故障件,6
R473,473,飞行器平台,比例式电控刹车阀及控制器,刹车控制器,刹车控制器故障,地面联试过程中，检查刹车压力时发现刹车压力降低,刹车控制器故障,更换故障件,1,更换故障件,6
R474,474,飞行器平台,比例式电控刹车阀及控制器,压力传感器,压力传感器故障,刹车压力达不到规定值,压力传感器故障,更换故障件,1,更换故障件,6
R475,475,飞行器平台,比例式电控刹车阀及控制器,刹车控制器,刹车控制器故障,输入刹车预置量时，没有刹车压力输出,刹车控制器故障,更换故障件,1,更换故障件,6
R476,476,飞行器平台,比例式电控刹车阀及控制器,刹车控制器,刹车控制器故障,输入刹车预置量时，没有刹车压力输出,刹车控制器故障,更换故障件,1,更换故障件,6
R477,477,飞行器平台,比例式电控刹车阀及控制器,电机,电机故障,工作中刹车阀发热有糊味，预置刹车预置量刹车无反应,电机故障,更换故障件,1,更换故障件,6
R478,478,飞行器平台,比例式电控刹车阀及控制器,刹车控制器,刹车控制器电路板故障,地面等待遥控检查时，右刹车100%时，刹车压力并没达到，机轮依然可转动，无法正常控制刹车压力,刹车控制器电路板故障,更换刹车控制器电路板,2,更换故障件,6
R479,479,飞行器平台,比例式电控刹车阀及控制器,油管,油管故障,刹车阀压力传感器与油管连接处漏油,油管故障,更换故障件,1,更换故障件,6
R480,480,飞行器平台,比例式电控刹车阀及控制器,刹车控制器,刹车控制器电路板故障,飞机接地滑跑刹车停稳后，无法解除刹车预置量和松刹车，反复置刹车压力100%和0%若干次后，发现可以松刹车,刹车控制器电路板故障,更换刹车控制器电路板,2,更换故障件,6
R484,484,飞行器平台,左主起落架,微动开关,左主起落架微动开关在半放下状态时AC已经处于断开状态,起落架应急放试验中，前起落架和右主起落架先后放下到位，但左主起落架在半放下状态时，检测车收到了起落架放下锁死信号，放下锁死灯燃亮，放下时间显示低于正常值，电动泵停止工作,起落架在应急放下过程中，由于左主起落架微动开关在半放下状态时AC已经处于断开状态，造成在前起落架和右起落架放下到位，但左主起落架没有到位时，三个放下锁死微动开关AC点都处于断开状态，飞控计算机误判出现了锁死信号，在左起落架没有完全放下情况下，发出停止电动泵工作指令，控制电动泵停止工作,调整微动开关，使左主起撑杆作动筒放下开锁至上锁行程中AC一直导通，上锁后AC断开,3,维修(无需更换）,6
R485,485,飞行器平台,主起落架,缓冲支柱,缓冲支柱密封件损坏,主起落架缓冲支柱外筒下部漏油,密封件损坏,更换密封件,2,更换故障件,6
R486,486,飞行器平台,主起落架,主起落架,对受损部件目视检查，并将左右侧主起接头起落架法兰盘安装区域及周围脱漆后进行无损检测，检测结果合格,主起落架飞行后检查发现起落架根部出现裂纹,表面漆有裂纹，金属件无问题,非故障,4,无故障,6
R488,488,电气系统,主控制盒,主控制盒,操作不当,主控制盒盒口插头凸头卡销断裂,操作不当,断裂处打磨处理,3,维修(无需更换）,1
R489,489,电气系统,主控制盒,继电器,主控制盒内继电器常开触点粘连,飞行时，无线电高度表不能正常开关机,主控制盒内继电器常开触点粘连导致无线电高度表故障,更换故障继电器,2,更换故障件,1
R491,491,电气系统,主控制盒,继电器,主控制盒内继电器常开触点粘连,地检蓄电池并网1指令信号发出后，飞机无响应,主控制盒内继电器常开触点粘连,更换故障件,2,更换故障件,1
R492,492,电气系统,交流发电机,内滑环,发电机内滑环开裂,发电机建压缓慢，甚至长时间不能建压,发电机内滑环开裂,更换发电机,1,更换故障件,1
R493,493,电气系统,静止变流器,单相变,现场检查惯导正常,惯导转入导航，发动机开车，节风门置115%，惯导显示二级故障，单相变给惯导基础电压无显示,单相变故障,更换故障件,2,更换故障件,1
R494,494,电气系统,主控制盒,过流导线,桨距电机短路,支架安装的继电器的连接导线出现过流烧毁现象，局部导线外的绝缘层脱落，导线未烧断,桨距电机短路导致导线过流烧毁,更换过流导线和过流继电器,2,更换故障件,1
R494,494,电气系统,主控制盒,底板,底板内部存在加工应力,主控制盒底板弯边出现裂纹,底板加工应力导致裂纹出现,更换底板,2,更换故障件,1
R496,496,电气系统,单向变流器,三极管,对机载设备进行检查发现变流器内部短路，导致飞机电流增大,飞机加电后，检测车显示机上电流为119A，随后检测车电源跳闸保护,三极管失效,更换故障件,2,更换故障件,1
R498,498,电气系统,主控制盒,K68继电器,测量主控盒输出端无电压输出,外场试验中发现浆距增指令发出后无输出,K68继电器失效,更换故障件,2,更换故障件,1
R501,501,电气系统,主控制盒,导线,桨距电机接线存在短路点,桨距增大时，主控制盒疑似器件烧毁出现白色气体,主控制盒内导线过流故障原因是由桨距电机接线存在短路点造成,更换继电器、过流导线和烧灼导线,2,更换故障件,1
R502,502,电气系统,主控制盒,导线,桨距电机接线存在短路点,桨距增大时变距机构无反应，主控制盒无输出电压,主控制盒内导线过流故障原因是由桨距电机接线存在短路点造成,更换继电器、过流导线和烧灼导线,2,更换故障件,1
R503,503,电气系统,主控制盒,驱动电路板K39继电器,飞行前检测良好，器件存在老化现象,无线电高度表关机异常故障，在爬升至高度599.1米时，无线电高度表供电标志从1变为0，但1、2号无线电高度表未报故障，关机不成功；高度在867.2米，1、2号无线电高度表开始在正常、故障两个状态间跳变，1200米定高，1、2号无线电高度表依然在跳变；大约4分钟后，无线电高度表自动关机成功,主控制盒内部驱动电路板K39继电器常开触点粘连，器件失效,更换故障件,2,更换故障件,1
R504,504,电气系统,主控制盒,K54继电器,飞机重新上电2次，故障均复现，开关地空开关2次后，恢复正常,调压过程中，断开发动机调压器测试电源开关，电源电压未下降，并且调压器测试低压不反转,K54继电器常开触点粘连，器件失效,更换故障件,2,更换故障件,1
R505,505,电气系统,单相静止变流器,单相静止变流器,单相静止变流器发生故障，无法正常供电,鉴定试飞时，空中出现惯导航姿数据异常跳变现现象 ，飞控未自动切入备份航姿系统，遥控切至备份航姿系统后，航姿数据仍然持续跳变，并频繁进入失速保护，导致无法自主着陆，后经人工姿态遥控，安全着陆,单相静止变流器发生故障，引起惯导励磁交流电异常，逆变电路输入高压母线滤波电容CA4、CA5内部阳极引出片被腐蚀断开导致其容值减小而失效，导致输出电压在0至27.5V之间跳变，最终引起惯导姿态、航向数据异常跳变,对铝电解电容器的橡胶盖板封装处涂覆三防漆措施,3,维修(无需更换）,1
R506,506,电气系统,发电机控制器,发电机控制器,在低频信号下，C1、C2电容的ESR差异很大,历次飞行过程中，电流波动均较大，峰值最大为25A，电压稳定无异常,在低频信号下，C1、C2电容的ESR差异很大，影响到输入电流信号的相位关系，进而影响到输出电流信号波形的品质,对C1、C2电容的ESR配对,3,维修(无需更换）,1
R507,507,侦查系统,光电侦察平台,调焦齿轮,将可见光电视摄像机断电，重新加电后CCD调焦指令仍未执行，将重要汇流条断电现象仍存在,飞机静态检查中，按操作流程给光电平台供电，出现CCD正负调焦指令有回报但未执行的情况,调焦齿轮松动,紧固调焦齿轮,3,维修(无需更换）,0
R508,508,侦查系统,光电侦察平台,红外电源连接器,红外+5V电源连接器接触不良,飞机在联试检查时，出现红外热像仪有自动重启现象,红外+5V电源连接器接触不良,更换故障件,2,更换故障件,0
R509,509,侦查系统,光电侦察平台,平台阻尼减震器,平台阻尼减震器失效,飞行过程中，飞机转弯时平台发生剧烈晃动，致无法跟踪目标,平台阻尼减震器失效,更换故障件,2,更换故障件,0
R510,510,侦查系统,光电侦察平台,减振器,减振器失效,光电平台在飞行转弯过程中，平台有甩动现象，无法稳定跟踪目标,减振器失效,更换故障件,2,更换故障件,0
R511,511,侦查系统,光电侦察平台,限位器件；方位电机驱动器,内框架方向限位器件损坏,飞行过程中，出现平台方位零位丢失，在手动跟踪模式下平台方位角连续自动360度转动，无法控制,内框架方向限位器件损坏，导致方位电机驱动器烧坏,更换限位器件和方位电机驱动器,1,更换故障件,0
R512,512,侦查系统,光电侦察平台,限位器,电限位松动偏离位置,光电平台加电后，手动跟踪状态下，俯仰角无法转动，保持在高限,电限位松动偏离位置,紧固螺钉,3,维修(无需更换）,0
R513,513,侦查系统,光电平台电控箱,可见光视频线,电箱可见光视频线断,光电平台可见光摄像机故障,电控箱可见光视频线断,重新焊接,3,维修(无需更换）,0
R514,514,侦查系统,光电平台电控箱,电视跟踪器,电视跟踪器故障,光电平台可见光摄像机故障,电视跟踪器故障，导致无图像,更换故障件,1,更换故障件,0
R515,515,侦查系统,光电侦察平台,内框架俯仰角位移传感器,内框架俯仰角位移传感器故障,内框架俯仰工作不正常,内框架俯仰角位移传感器故障,更换故障件,1,更换故障件,0
R516,516,侦查系统,光电侦察平台,红外跟踪器,红外跟踪器故障,红外不能正常启动，CCD自动跟踪功能无效,红外跟踪器故障，导致无红外图像，且影响电视跟踪器通讯，从而影响自动跟踪功能,更换故障件,1,更换故障件,0
R517,517,侦查系统,光电侦察平台,红外电源连接器,红外+5V电源连接器接触不良,红外不能正常启动,红外+5V电源连接器接触不良,更换故障件,2,更换故障件,0
R518,518,侦查系统,光电侦察平台,CCD视频线,CCD视频线接触不良,CCD显示有雪花，红外调焦数值不变,CCD视频线接触不良,重新连接CCD视频线,3,维修(无需更换）,0
R518,518,侦查系统,光电侦察平台,红外跟踪器,红外跟踪器故障,红外自动跟踪失效,红外跟踪器故障,更换故障件,1,更换故障件,0
R519,519,侦查系统,光电侦察平台,电源连接器,电源连接器接触不良,CCD摄像机和红外热像仪加电无图像显示,电源连接器接触不良,更换故障件,2,更换故障件,0
R520,520,侦查系统,光电侦察平台,红外电源连接器,红外+5V电源连接器接触不良,可见光电视自动跟踪功能无响应，红外热像仪有图像，跟踪框及十字架没有,红外+5V电源连接器接触不良,更换故障件,2,更换故障件,0
R521,521,侦查系统,光电侦察平台,俯仰感应同步器,外框架俯仰感应同步器激磁信号与设备外壳接触,手动跟踪时图像会抖动，抖动幅度较小，切B柜控制后，现象依然存在,外框架俯仰感应同步器激磁信号与设备外壳接触造成角度值错误，当手动跟踪时，内框架随外框架的角度差转动时必然抖动，图像也随之抖动,重新更换安装感应同步器动片，使激光信号与设备外框架彻底绝缘,2,维修(无需更换）,0
R522,522,侦查系统,光电侦察平台,热像仪,热像仪使用扫描型器件对温度变化敏感,红外图像边缘锯齿状严重，图像模糊,热像仪使用扫描型器件对温度变化敏感，图像景物边缘会根据环境温度和观测景物温度的变化而产生形变,调整热像仪相关温度系数,3,维修(无需更换）,0
R524,524,侦查系统,光电平台吊舱,软件,软件问题,光电平台红外重启，死机,软件问题,对软件进行修改,2,更换故障件，改进设计,0
R526,526,侦查系统,光电侦察平台,控制电位器,控制电位器漂移,空中红外图像变形，横向拉伸,控制电位器漂移,调整故障件,3,维修(无需更换）,0
R527,527,侦查系统,光电侦察平台,软件,软件问题,飞行过程中，光电平台红外重启后死机，一直重启,软件问题,对软件进行调试,3,维修(无需更换）,0
R528,528,侦查系统,光电侦察平台,软件,软件问题,飞行过程中，光电平台红外重启后死机，一直重启,软件问题,对软件进行调试,3,维修(无需更换）,0
R529,529,侦查系统,光电侦察平台,软件,红外热像仪检查正常后，在使用过程中出现自动重启,发应急关电指令，平台方位保持在90度；发红外调焦，指令未响应，红外断电重启后恢复,软件问题,对软件进行调试,3,维修(无需更换）,0
R530,530,侦查系统,光电侦察平台,外俯仰编码器线路,外俯仰编码器线路断开,发应急关电指令后，平台方位找零位后，外框架不能转动,外俯仰编码器线路断开,连接后故障消除,3,维修(无需更换）,0
R531,531,侦查系统,光电侦察平台,软件,软件问题,红外侦察图像忽明忽暗,软件问题,对软件进行调试,3,维修(无需更换）,0
R532,532,侦查系统,光电侦察平台,软件,软件问题,飞机飞行10min后，光电平台无遥测数据,软件问题,对软件进行调试,3,维修(无需更换）,0
R533,533,侦查系统,光电侦察平台,连接螺钉,返回地面后，手动沿俯仰方向轻推平台外壳，俯仰方向抖动现象再现,鉴定试飞时，在目标跟踪过程中发生短暂的俯仰方向抖动,俯仰齿轮箱末级齿轮与同步减速齿轮件连接螺钉松动，导致末级齿轮与同步减速齿轮间有空回，使俯仰方向稳定性能降低，原设定参数高于空回后参数，引起俯仰方向出现振荡现象,使用螺纹胶加固螺钉，外场更换齿轮箱,1,维修(无需更换）,0
R534,534,侦查系统,光电侦察平台,陀螺,陀螺故障,地面检查中发现光电平台有卡滞抖动现象,陀螺故障,返厂维修,1,维修(无需更换）,0
R535,535,侦查系统,光电侦察平台,光电侦察平台,返回过程中光电平台全部关电再加电后，红外启动正常，但图像效果不好，条纹多,飞行中红外发出校正指令进行校正后，出现自动关机报故现象,红外参数漂移,返厂维修,1,维修(无需更换）,0
R536,536,侦查系统,光电平台电控箱,红外驱动摆镜连接器,红外驱动摆镜连接器接触不良,光电平台红外画质抖动，重新加电无好转，红外自动断电重启三次,红外驱动摆镜连接器接触不良,更换故障件,2,更换故障件,0
R537,537,侦查系统,光电侦察平台,激光电源线,激光电源线经过外框俯仰轴处磨损,光电平台的激光器上电后显示电源故障，激光测距功能失效,激光电源线经过外框俯仰轴处磨损，对机壳出现短路，导致激光无电源，平流报故,走线位置重新布局，导线包扎,3,维修(无需更换）,0
R538,538,侦查系统,光电侦察平台,计算机主板BIOS,计算机主板BIOS设置不当，导致硬件冲突，从而造成计算机无法启动,数码相机加装地面试验中，其配套的检测与下载计算机出现不能启动故障,计算机主板BIOS设置不当，导致硬件冲突，从而造成计算机无法启动,重新正确设置计算机主板BIOS,3,维修(无需更换）,0
R539,539,侦查系统,光电侦察平台；红外热像仪,红外元器件,红外元器件失效,红外热像仪不工作，重启后还是无法工作且设备开始不制冷,红外元器件失效,更换故障件,2,更换故障件,0
R540,540,侦查系统,光电侦察平台；数码相机,螺钉,数据相机机箱内固定相机的螺钉较短，且没有点胶加固,数码相机装前检查中，数码相机机箱内固定相机的螺钉脱落,数据相机机箱内固定相机的螺钉较短，且没有点胶加固，导致脱落,更换故障件,3,更换故障件,0
R540,540,侦查系统,光电侦察平台；数码相机,CP卡,CP卡插排没有锁紧,数码相机装前检查中，过数码相机系统检测与下载计算机检查数码相机功能时，数码相机不能拍照,CP卡插排没有完全插入相机内，接触不良导致相机无法拍照,插紧CP卡插排,3,维修(无需更换）,0
R540,540,侦查系统,光电侦察平台；数码相机,螺钉弹性垫圈,机箱和内部固定电路板的螺钉没有弹性垫圈,数码相机装前检查中，机箱和内部固定电路板的螺钉没有弹性垫圈,NA,加装弹性垫圈,3,维修(无需更换）,0
R541,541,测控系统,视距收发组合,机载上行信号电缆,机载上行信号电缆松动,加电1小时后主遥控键出现闪烁，飞控软件开关在正常和不正常间跳动，检验在正确和错误间跳动,机载上行信号电缆松动，接插不良,将电缆紧固后正常,3,维修(无需更换）,2
R542,542,测控系统,卫通天线,止动块,尼龙齿轮变形,天线齿轮卡滞,尼龙齿轮变形,修复故障件,3,维修(无需更换）,2
R543,543,测控系统,卫通天线,止动块,尼龙齿轮有变形,ku卫通天线极限轴有卡滞现象,尼龙齿轮有变形,修复故障件,3,维修(无需更换）,2
R544,544,测控系统,卫通天线,接收单元变频器电源线,重新加电后依然不能锁定,卫通机载天线显示失锁,接收单元变频器电源线脱焊,重新焊接接收单元变频器电源线,3,维修(无需更换）,2
R545,545,测控系统,卫通天线,机载上变频器,机载上变频器增益偏低,卫通功放功率推不到饱和,机载上变频器增益偏低,更换故障件,2,更换故障件,2
R546,546,测控系统,卫通天线,卫通天线,天线未能上电,重要汇流条并网后，卫通天线未正常工作,卫通天线未能上电,对飞机重新加电,3,维修(无需更换）,2
R547,547,测控系统,卫通天线,接收机入口信号电缆,接收机入口信号电缆松动,静态联试时，卫通天线能锁定，发动机开车后，卫通不能锁定,接收机入口信号电缆松动,紧固接收机入口信号电缆,3,维修(无需更换）,2
R549,549,测控系统,卫通天线,插头接线,插头接线松动,空中卫通下行失锁5min，显示为机载卫通天线方位误差电压大，增大机载功率后正常,插头接线松导致接触不良,重新插拔接头线,3,维修(无需更换）,2
R553,553,测控系统,KU功放组合,机载上变频器,机载上变频器增益偏低,地面联试打开KU无线大功率时，功率指标不够，功率无法推到饱和输出,机载上变频器增益偏低导致功率无法饱和,更换故障件,2,更换故障件,2
R554,554,测控系统,KU功放组合,功放保险,功放保险烧坏,地面站显示报故，指示灯不亮,功放保险烧坏,更换故障件,2,更换故障件,2
R555,555,测控系统,KU功放组合,功放保险,功放保险烧坏,功放打开，没有下行信号,功放保险烧坏,更换故障件,2,更换故障件,2
R557,557,测控系统,卫通链路收发组合,机载低噪信号射频电缆,机载低噪信号射频电缆外皮有小孔,卫通功放打开状态下机载天线接收帧和解调器失锁,机载低噪信号射频电缆外皮有孔，与下行信号电缆绑在一起，存在电磁干扰,更换故障件,2,更换故障件,2
R558,558,测控系统,卫通链路收发组合,机载调制器,机载调制器无输出,卫通下行链路无法建立,经查机载调制器无输出,更换故障件,2,更换故障件,2
R559,559,测控系统,卫通链路收发组合,机载变频模块,机载调制解调器输出载波正常，经变频器变频后，调制波形明显增大,飞机上电，卫通链路无下行信号,调制波形被机载变频模块放大导致无信号,更换故障件,2,更换故障件,2
R560,560,测控系统,卫通链路ku功放组合,供电线缆,供电线缆过细,地面联试过程中，机载卫通功放不能正常工作，风扇不转，TX指示灯不亮,在卫通功放功率增大后，供电线缆没有相应加粗，导致供电线路压降过大，功放正常工作时电流达到30A，长时间工作导致保险管发生慢熔,更换故障件,2,更换故障件,2
R563,563,测控系统,卫通链路收发组合,卫通收发组合,进行中频误码环测，加电2小时无误码，使用模拟转发器进行射频环码误测，未发现故障,地面联试时无上行信号，有下行信号,非故障,非故障,4,无故障,2
R565,565,测控系统,卫通链路收发组合,BDC模块,收发组合下变频器输出信号异常,飞行前功能检查时，在注入密钥之后密码通信半小时左右，上行接收帧不锁定,收发组合下变频器输出信号异常，造成解扩解调器由于中频输入信号异常而不能正常解调上行链路遥控数据，最终导致卫通上行链路接收帧失锁，经查为BDC模块故障,更换故障件,2,更换故障件,2
R566,566,测控系统,机载卫通收发组合；机载卫通功放组合,压控振荡器（VCO）,卫通收发组合在返修期间，焊接压控振荡器VCO时清洗不充分，并有助焊剂残留、吸附杂质，这些造成VCO管壳底部污染,飞行过程中，卫通上行、下行链路中断,压控振荡器管壳底部污染，在综合应力条件下，管壳底部接地不良，VCO输出压控灵敏度等参数超差，导致锁相环路不能如锁，致使变频器本振失锁，导致链路中断,更换故障件,2,更换故障件,2
R567,567,测控系统,应答机,应答机,器件失效,应答机敌我识别系统iff接收为0%,器件失效,更换故障件,1,更换故障件,2
R568,568,测控系统,应答机,数据类型,飞控计算机向应答机发送的数据帧标识指令类型字节中的数据为“OON”，而该指令在接口控制文件中无定义,飞行时航管部门发现飞机上升高度1900m后，应答机始终报1900m，当飞机上升高度2700m时应答机依然报1900m,飞控计算机向应答机发送的数据帧标识指令类型字节中的数据在接口控制文件中无定义，故应答机认为此数据帧无效而不处理,将标识指令类型字节中的数据变为有效数据后，应答机即能正确接收处理高度数据,3,软件,2
R571,571,地面站、车辆,1#卫通天线车,卫星频段,所分配的卫星频段有其它大功率通信,卫通天线车自环载噪比过低，导致下行链路失锁,所分配卫星频段有其它大功率通信，挤占卫星资源，造成故障,更换卫星频段,3,维修(无需更换）,3
R572,572,地面站、车辆,2#卫通天线车,卫星频段,所分配的卫星频段有其它大功率通信,卫通天线车自环载噪比过低，导致下行链路失锁,所分配卫星频段有其它大功率通信，挤占卫星资源，造成故障,更换卫星频段,3,维修(无需更换）,3
R573,573,地面站、车辆,2#卫通天线车,调制解调器,器件失效,调制解调器不能正常工作,器件失效,更换故障件,1,更换故障件,3
R577,577,地面站、车辆,2#卫通天线车,右后上箱螺栓,螺栓断裂,车壁右后上箱螺栓断裂,螺栓断裂,更换故障件,2,更换故障件,3
R578,578,地面站、车辆,2#卫通天线车,ODU1,ODU1故障,用ODU1时不能完成调制与解调,ODU1故障,更换故障件,2,更换故障件,3
R585,585,地面站、车辆,1#卫通设备车,UPS,UPS故障,1#卫通设备车UPS无法正常供电，UPS电池有电,UPS故障,厂家维修,1,维修(无需更换）,3
R586,586,地面站、车辆,2#卫通设备车,UPS,UPS故障,UPS无法启动，ALARM灯报警,UPS故障,更换故障件,1,更换故障件,3
R588,588,地面站、车辆,1#卫通设备车,光缆,光缆故障,联试时，光缆不通,光缆故障,更换故障件,2,更换故障件,3
R589,589,地面站、车辆,2#卫通设备车,扩频调制器2,扩频调制器故障,扩频调制器2载波过低，不能满足正常使用,扩频调制器故障,厂家维修故障件,1,维修(无需更换）,3
R590,590,地面站、车辆,1#卫通设备车,电瓶电缆,电瓶电缆松动,油机电瓶没电，油机不能启动,电瓶电缆松导致接触不良,紧固电瓶电缆,3,维修(无需更换）,3
R591,591,地面站、车辆,1#卫通设备车,扩频调制器1,按键失灵,扩频调制器1按键失灵无法进行参数设置,扩频调制器1按键失灵导致无法进行参数设置,厂家现场维修故障件,3,维修(无需更换）,3
R592,592,地面站、车辆,1#卫通设备车,电源插头,电源插头烧坏,电源插头烧坏,NA,更换故障件,2,更换故障件,3
R594,594,地面站、车辆,2#主指挥控制车,视频数字记录仪,视频数字记录仪故障,视频数字记录仪加电后自动重启，硬盘灯显示红色，自动重启两次后，视频数字记录仪重启启动不起来,视频数字记录仪故障,更换故障件,1,更换故障件,3
R595,595,地面站、车辆,2#主指挥控制车,任务控制柜,故障不再复现,任务控制A柜、B柜无法发送指令,NA,非故障,4,无故障,3
R596,596,地面站、车辆,主指挥控制车,网口连接,网口连接错误,任务控制B机柜网络经常出现未连接现象,网口连接错误,更改网口连接,3,维修(无需更换）,3
R597,597,地面站、车辆,主指挥控制车,网线,经计算机重启，软件重启，更换发送卡后，故障现象仍存在,飞控A机柜上行不通,网线不通,更换故障件,2,更换故障件,3
R598,598,地面站、车辆,2#主指挥控制车,散热片,散热片故障,任务控制B柜开机后网络正常，但使用时网络时断时连续，不稳定,散热片故障,重新安装散热片,3,维修(无需更换）,3
R600,600,地面站、车辆,2#主指挥控制车,计算机主板,计算机主板故障,联试中计算机黑屏死机，重启无法进入操作系统,计算机主板故障,更换故障件,2,更换故障件,3
R603,603,地面站、车辆,1#主指挥控制车,飞控图像显示单元,飞控图像显示单元故障,飞控图像显示单元无法显示图像,飞控图像显示单元故障,更换故障件,2,更换故障件,3
R605,605,地面站、车辆,1#主指挥控制车,计算机主板,计算机主板故障,任务控制A柜电脑无法开机,计算机主板故障,更换故障件,2,更换故障件,3
R615,615,地面站、车辆,1#主视距拖车,信号线接口,信号线接口老化,主视距拖车与馈源连接的信号线接口无法拧下,信号线接口老化,更换故障件,2,更换故障件,3
R616,616,地面站、车辆,1#主视距拖车,旋转变压器,旋转变压器故障,转动天线方位旋钮，天线方位数值显示不连续，且停止时天线有抖动，切外控后，在链路监控席位看不到拖车信息,旋转变压器故障,更换故障件,2,更换故障件,3
R617,617,地面站、车辆,2#主视距拖车,视距拖车信号线,视距拖车信号线接反,视距拖车C全向天线与定向天线无法切换,视距拖车信号线接反,重接信号线,3,维修(无需更换）,3
R618,618,地面站、车辆,2#主视距拖车,无线操纵主板,无线操纵主板长时间不动,天线升起时俯仰方向抖动,无线操纵主板长时间不动，出现氧化现象,用酒精擦拭主板,3,维修(无需更换）,3
R619,619,地面站、车辆,2#主视距拖车,减速机齿轮,减速机齿轮与轴中间键松动,天线俯仰不能控制,减速机齿轮与轴中间键松动,将减速机齿轮与轴中间松动的键紧固,3,维修(无需更换）,3
R620,620,地面站、车辆,2#主视距拖车,GPS天线,GPS天线断裂,GPS天线断裂，收不到信号,GPS天线断裂,更换故障件,2,更换故障件,3
R622,622,地面站、车辆,2#主视距拖车,油机,再次检查故障未复现,油机不能启动,NA,非故障,4,无故障,3
R625,625,地面站、车辆,2#副指挥控制车,指令发射卡,指令发射卡故障,任控机柜指令无法发送,任控机柜指令发射卡故障,更换故障件,2,更换故障件,3
R627,627,地面站、车辆,1#副视距拖车,信号线,信号线故障,主遥控发频跟踪时锁时不锁，主遥控闪烁,信号线故障,更换故障件,2,更换故障件,3
R629,629,地面站、车辆,1#副指挥控制车,CMOS电池,CMOS电池故障,任务规划电脑开机时出现“CMOS ERROR”故障,CMOS电池故障,更换CMOS电池,2,更换故障件,3
R631,631,地面站、车辆,1#副指挥控制车,BIOS电池,BIOS电池失效,飞行前检测中，任务规划机柜计算机自动重启，重启后无法进入操作系统,BIOS电池失效,BIOS电池,2,更换故障件,3
R632,632,地面站、车辆,1#副指挥控制车,电源模块,保险丝烧断,飞行前检测时，北斗用户机加电无法正常启动,电源模块故障,更换故障件,2,更换故障件,3
R635,635,地面站、车辆,2#副指挥控制车,计算机主板,计算机主板芯片损坏,任务控制柜的计算机无法启动,计算机主板芯片损坏,更换故障件,2,更换故障件,3
R639,639,地面站、车辆,1#副视距拖车,出气口罩,出气口罩断裂,出气口罩断裂,NA,更换故障件,2,更换故障件,3
R640,640,地面站、车辆,1#副视距拖车,UPS,UPS故障,UPS未能启动，电池指示灯闪烁,NA,更换故障件,2,更换故障件,3
R642,642,地面站、车辆,1号拖车,高频箱电源插头；跟踪接收机外露插头,高频箱电源1分3插头、跟踪接收机外露插头腐化严重,高频箱电源1分3插头、跟踪接收机外露插头腐化严重,NA,更换故障件,2,更换故障件,3
R642,642,地面站、车辆,2号拖车,高频箱电源插头；跟踪接收机外露插头,高频箱电源1分3插头、跟踪接收机外露插头腐化严重,高频箱电源1分3插头、跟踪接收机外露插头腐化严重,NA,更换故障件,2,更换故障件,3
R642,642,地面站、车辆,3号拖车,高频箱电源插头；跟踪接收机外露插头,高频箱电源1分3插头、跟踪接收机外露插头腐化严重,高频箱电源1分3插头、跟踪接收机外露插头腐化严重,NA,更换故障件,2,更换故障件,3
R642,642,地面站、车辆,4号拖车,高频箱电源插头；跟踪接收机外露插头,高频箱电源1分3插头、跟踪接收机外露插头腐化严重,高频箱电源1分3插头、跟踪接收机外露插头腐化严重,NA,更换故障件,2,更换故障件,3
R644,644,地面站、车辆,2#副视距拖车,信号线,主通道收频像闪烁，分接测距单元闪烁,视距链路下行时有时无,主通道收频像闪烁，分接测距单元闪烁，造成视距链路下行时有时无,更换信号线,2,更换故障件,3
R645,645,地面站、车辆,2#副视距拖车,UPS,UPS故障,UPS不能加电,UPS故障,更换故障件,1,更换故障件,3
R653,653,地面站、车辆,2#作战指挥与模拟训练车,电源模块,电源模块故障,无遥测信号，有视频信号,电源模块故障,更换故障件,1,更换故障件,3
R654,654,地面站、车辆,2#作战指挥与模拟训练车,软件,软件版本低,打开BZK-005/A软件，无法选择显示飞机遥测数据,软件版本低,升级软件,2,软件,3
R655,655,地面站、车辆,2#作战指挥与模拟训练车,光缆,光缆故障,2#地面站作模车在联试中有图像无遥测,光缆故障,更换故障件,2,更换故障件,3
R656,656,地面站、车辆,2#作战指挥与模拟训练车,计算机主板,计算机主板故障,计算机启动第三路信号输入视频矩阵无显示,计算机主板故障,更换故障件,2,更换故障件,3
R660,660,地面站、车辆,2#作战指挥与模拟训练车,光缆插头,光缆插头故障,作模车光缆通信故障,光缆插头故障,更换故障件,2,更换故障件,3
R661,661,地面站、车辆,1#作战指挥与模拟训练车,控制站末端电流变换器,电流变换器故障,1号地面站的作模车接收不了遥测信号,控制站末端电流变换器故障,更换故障件,1,更换故障件,3
R662,662,地面站、车辆,外控盒,外控线,外控线故障,外控线信号不正常,外控线故障,更换故障件,2,更换故障件,3
R663,663,地面站、车辆,外控盒,外控线,外控线故障,语音通信故障，主站不能接收外控语音，但外控可接收主站语音,外控线故障,更换故障件,2,更换故障件,3
R665,665,地面站、车辆,情报处理车,UPS1机箱,UPS1机箱自燃,UPS1机箱自燃,设计问题,更改设计，更换故障件,1,更换故障件，改进设计,3
R666,666,地面站、车辆,情报处理车,UPS2机箱,UPS1机箱自燃,UPS2机箱自燃,设计问题,更改设计，更换故障件,1,更换故障件，改进设计,3
R667,667,地面站、车辆,情报处理车,软件,软件故障,视频处理软件“图像采集”时间较长，矫正软件对彩色图像无法进行校正,软件故障,更改软件,2,软件,3
R668,668,地面站、车辆,情报处理站,鼠标,鼠标损坏,情报处理站视频处理2席位视频处理主机启动后死机无法进行键盘鼠标操作，经多次断电重启后仍然不能恢复正常,视频处理主机需要连接鼠标键盘共享器，键盘共享器启动时，要对键盘鼠标进行自检，如果鼠标或键盘工作不正常，则共享器无法正常工作,更换故障件,2,更换故障件,3
R672,672,地面站、车辆,维修检测车,油机排气管,油机排气管与消音器脱开,油机排气管与消音器脱开，废气从脱开处排出,NA,重新固定排气口和消声器结合部分,3,维修(无需更换）,3
R673,673,地面站、车辆,维修检测车,备用电池,备用电池故障,备用电池电压明显降低,备用电池故障,更换故障件,2,更换故障件,3
R678,678,地面站、车辆,1#维修检测车,油机电源,油机电源松动,上电时电源电压低于正常值，调节电压调节旋钮，电压调不到正常值,油机电源松动,紧固油机电源,3,维修(无需更换）,3
R681,681,地面站、车辆,GPS差分地面站,DGPS接收天线,DGPS接收天线损坏,DGPS接收天线损坏，无法接收,NA,更换故障件,1,更换故障件,3
R682,682,地面站、车辆,GPS差分地面站,接收机面板电缆,差分站接收机面板电缆断掉,差分站接收机面板电缆断掉,NA,更换故障件,2,更换故障件,3
R683,683,地面站、车辆,GPS差分地面站,DGPS,DGPS故障,DGPS故障，工作不稳定,NA,更换故障件,1,更换故障件,3
R686,686,地面站、车辆,卫通天线车,天线驱动单元变频器,天线撤收时，故障消失，天线可以正常转动,设备展开的过程中，天线的俯仰不能转动。后接上手提驱动箱后，天线方位、俯仰转动正常,天线驱动单元的变频器受到现场220V交流电出现瞬间的电压波动的影响，造成Lv自保护，引起天线俯仰无法转动,非故障,4,无故障,3
R693,693,地面站、车辆,视频处理2席位,鼠标,鼠标损坏,情报处理站视频处理2席位视频处理主机启动后死机无法进行键盘鼠标操作，经多次断电重启后仍然不能恢复正常,视频处理主机需要连接鼠标键盘共享器，键盘共享器启动时，要对键盘鼠标进行自检，如果鼠标或键盘工作不正常，则共享器无法正常工作,更换故障件,2,更换故障件,3
R695,695,动力装置系统,发动机,短舱下罩,未进行发动机预装配,发动机安装到位后，发动机短舱下罩安装孔无法全部对齐，且与发动机短舱上罩无法连接,发动机上、下罩装配不合理,返修下罩，重新钻孔,1,维修(无需更换）,4
R696,696,动力装置系统,发动机,短舱上罩；短舱下罩,预装配时未修配,短舱上罩组件和下罩组件安装后，其后边缘与螺旋桨桨叶表面干涉,预装配时未修配,修锉短舱上、下罩后缘,3,维修(无需更换）,4
R697,697,动力装置系统,发动机,发动机,飞机油封后存放时间较长，滑油量充足，滑油通道未堵塞,发动机试车过程中滑油压力波动范围超过限制值,飞机油封后，存放时间较长，使得滑油中吸入大量水分，发动机恢复试车时，滑油在发动机中循环并加热，水分与滑油混合搅拌将产生大量气泡，使得滑油压力产生较大波动,使滑油温度上升到100℃以上，排出滑油中的水分后，故障排除,3,维修(无需更换）,4
R698,698,动力装置系统,发动机,液压挺柱,1号缸气门与活塞发生碰撞，气门杆和导管质量之间发生单边局部摩擦烧蚀卡滞，推杆弯曲，液压挺住内部滑油泄漏,试车过程中，B点火停止工作时，转速下降过多，发动机状态不稳，停车检查后再起动时起动困难,液压挺柱故障导致故障,更换气缸缸头，更换气门顶杆，更换液压挺柱,1,更换故障件,4
R699,699,动力装置系统,滑油箱,箱盖卡箍组件,制造缺陷,滑油箱上连接箱盖与箱体之间的卡箍组件中的角片脱焊,制造缺陷,将脱焊部位打磨、补焊,3,维修(无需更换）,4
R700,700,动力装置系统,滑油箱,箱盖组件,制造缺陷,滑油箱箱盖组件接头外螺纹溢扣,制造缺陷,更换故障件,2,更换故障件,4
R700,700,动力装置系统,滑油箱,导管组件,制造缺陷,滑油箱导管组件外套螺母的内螺纹受损,制造缺陷,更换故障件,2,更换故障件,4
R701,701,动力装置系统,滑油箱,出口管嘴连接处卡箍,制造缺陷,燃油泵出口管嘴与燃油胶管连接处卡箍共2个溢扣,制造缺陷,更换故障件,2,更换故障件,4
R702,702,动力装置系统,滑油箱,滑油箱连接卡箍,制造缺陷,滑油箱连接卡箍溢扣,制造缺陷,更换故障件,2,更换故障件,4
R702,702,动力装置系统,滑油箱,出口管嘴连接处卡箍,制造缺陷,燃油泵出口管嘴与燃油胶管连接处卡箍溢扣,制造缺陷,更换故障件,2,更换故障件,4
R705,705,动力装置系统,燃油放油开关,放油开关,放油开关有制造缺陷,放油开关打开后无法关闭,放油开关有制造缺陷,更换故障件,2,更换故障件,4
R706,706,动力装置系统,燃油供油系统,单向活门,断电经检查发现燃油供油系统的2个单向活门方向安装错误,飞机通电检查，出现供油低压压力开关信号报警,单向活门安装错误,重新安装,3,维修(无需更换）,4
R707,707,动力装置系统,燃油泵,接线柱,未按工艺要求正确安装燃油泵,燃油泵接线柱上连接电缆后，相互干涉,未按工艺要求正确安装燃油泵,重新安装,3,维修(无需更换）,4
R708,708,动力装置系统,燃油泵,接线柱,未按工艺要求正确安装燃油泵,燃油泵输出端管路卡箍上的的螺钉与燃油泵的接线柱干涉，无法安装电缆,未按工艺要求正确安装燃油泵,重新安装,3,维修(无需更换）,4
R709,709,动力装置系统,滑油箱,滑油箱口盖,滑油箱口盖内部有裂纹,飞行前发现滑油箱口盖内部有裂纹,NA,更换故障件,2,更换故障件,4
R710,710,动力装置系统,发动机,排气温度传感器,排气温度传感器不锈钢防护套根部与橡胶热缩套连接部分有烧焦现象,发动机开车检查时，排气温度传感器数值与测温仪数值不符,排气温度传感器装机前校验温度过高导致绝缘层融化，导线在钢套中短路,更换故障件,1,更换故障件,4
R713,713,导航飞控系统,惯导,A12板,A12板存在隐患,在全机通电过程中，惯导报一级故障,NA,更换故障件,2,更换故障件,5
R715,715,导航飞控系统,GPS接收机,DGPS,设备重新通电，DGPS恢复正常，故障未复现,外场试验中，15分钟后DGPS信号消失，GPS信号也消失,NA,非故障,4,无故障,5
R716,716,导航飞控系统,无线电高度表,安装孔,零件加工问题,高度表在装机时，发现安装孔错位，使高度表无法安装,零件加工问题导致安装孔错位,对安装孔扩孔,3,维修(无需更换）,5
R717,717,导航飞控系统,无线电高度表,螺母,无线电高度表内部有螺母松脱,摇晃无线电高度表时，内部有声响,无线电高度表内部有螺母松脱,紧固螺母,3,维修(无需更换）,5
R718,718,导航飞控系统,垂直陀螺,垂直陀螺,运输中外包装有破损,装前校验过程中，启动时间超过300秒，启动自检故障,运输中外壳损坏导致垂直陀螺故障,更换故障件,1,更换故障件,5
R719,719,导航飞控系统,速率陀螺组件,自检线圈,A通道俯仰陀螺自检线圈断开,装前校验时，正常启动几分钟后有异响，自检输出正常，A、B、C三个组件的航向、俯仰、横滚九个通道均无信号输出,自检线圈断裂导致速率陀螺组件A通道俯仰无自检输出,更换故障件,2,更换故障件,5
R720,720,导航飞控系统,速率陀螺组件,速率陀螺组件,全温监测，故障未复现,联试过程中，飞机加电速率陀螺静态A通道数值偏大,NA,非故障,4,无故障,5
R721,721,导航飞控系统,速率陀螺组件,C通道倾斜陀螺,C通道倾斜无速率输出信号，故障复现，产品对外接口插座上的插针无松动，缩针等异常情况，产品底座电气连线无异常，电路板工作正常，C通道倾斜陀螺电机轴承保持器掉渣，导致电机堵转,动态检查过程中，发现通道3号的横滚，与1、2号的横滚输出不同,C通道倾斜陀螺电机轴承保持器掉渣，渣子进入轴承滚道，使轴承摩擦力距增大，从而造成陀螺电机堵转，无速率输出,更换故障件,2,更换故障件,5
R722,722,导航飞控系统,速率陀螺组件,A通道解调及自检测电路板俯仰通道,A通道解调及自检测输出板存在故障，电路板俯仰通道梯度点位计管脚存在虚焊现象,联试过程中，飞机加电后，速率陀螺组件静态A通道数值偏大,电路板俯仰通道梯度点位计管脚存在虚焊导致速率陀螺组件静态A通道数值偏大,重新焊接故障点,3,维修(无需更换）,5
R723,723,导航飞控系统,速率陀螺,B通道俯仰陀螺,地面检查发现1、3号位输出正常，2号位输出为零,飞机飞行过程中速率陀螺报故,判定为B通道俯仰陀螺故障。B通道陀螺电机保持器存在掉渣进入轴承滚道，从而导致轴承失效，造成陀螺电机堵转,更换故障件,2,更换故障件,5
R724,724,导航飞控系统,总静压受感器,总静压受感器,受感器接嘴与导管轻微晃动，接嘴与导管之间无相对晃动,在安装过程中，总静压受感器的P端连接管有微微的晃动,NA,非故障,4,无故障,5
R725,725,导航飞控系统,左升降舵,F5保险丝,测试发现F5保险丝开路，更换F5保险丝时发现已断裂,在地检模式下，左升降舵切换至备通道工作时，余度2报DSP故障和模型故障,F5保险丝断裂导致故障,更换故障件,2,更换故障件,5
R726,726,导航飞控系统,节风门舵机,控制盒,蓄电池并网测试,节风门舵机余度1时，全机舵机报1次故障,上电后进行蓄电池并网测试时，会先切断28V电源，再并蓄电池，会有瞬态的28V掉电，若掉电时间大于控制盒电源监控门限，控制盒就会报出欠压故障,非故障,4,无故障,5
R727,727,导航飞控系统,右副翼舵机,电机支撑轴承,电机支撑轴承润滑不良,飞行过程中右副翼卡死，卡死角度3度半左右,电机支撑轴承由于润滑不良导致保持架和钢球之间发生干摩擦，进而造成卡滞,更换故障件，补充润滑油,2,更换故障件,5
R728,728,导航飞控系统,右副翼/襟副翼/扰流片控制盒,解调芯片,通电测试，右副翼工作正常，舵机输出轴无震颤，空载位置精度满足要求，右襟副翼舵机噪声偏大，舵机输出轴有轻微震颤，空载位置精度满足指标要求，解调芯片输出激磁信号噪声偏大,滑跑前地面通电联试时发现右襟翼、副襟翼两个舵机有异响，舵面轻微震颤，断开舵面拉杆后，舵机异响依旧存在,该路解调芯片输出激磁信号噪声偏大，从而引起传感器位置输出信号噪声较大，造成输出轴有轻微震颤,更换故障件,2,更换故障件,5
R729,729,导航飞控系统,差分站接收天线,接收天线,天线内部液溴挥发或变质,接收天线无法正常工作致使差分无法正常加电,天线内部液溴挥发或变质导致,更换故障件,2,更换故障件,5
R731,731,飞行器平台,飞行器平台,左前翼前梁螺栓,机身与左机翼前梁对接处的螺栓太短,机身与左机翼前梁对接处的螺栓太短，螺栓尾部端面未露出,未按图纸正确加工,更换故障件，并正确安装,2,更换故障件,6
R732,732,飞行器平台,飞行器平台,翼面螺栓,平尾和垂直尾翼翼面上的6个舵机口盖螺栓安装错误,平尾和垂直尾翼翼面上的6个舵机口盖螺栓安装错误,未按图纸正确安装,更换故障件，并正确安装,2,更换故障件,6
R733,733,飞行器平台,飞行器平台,机身与尾撑管对接处螺栓,机身与尾撑管对接处的连接螺栓头部与机身蒙皮处的抽钉尾部相互干涉,机身与尾撑管对接处的连接螺栓头部与机身蒙皮处的抽钉尾部相互干涉，安装困难,未按图纸正确加工,更换故障件，并正确安装,2,更换故障件,6
R735,735,飞行器平台,飞行器平台,托板螺母,左底罩上用于安装总温传感器的托板螺母规格与图纸不符,左底罩上用于安装总温传感器的托板螺母规格与图纸不符,未按图纸正确加工,更换故障件，并正确安装,2,更换故障件,6
R736,736,飞行器平台,飞行器平台,托板螺母,机头罩三通支架上托板螺母规格与图纸不符,机头罩三通支架上托板螺母规格与图纸不符,未按图纸正确加工,更换故障件，并正确安装,2,更换故障件,6
R738,738,飞行器平台,飞行器平台,电搭铁,GPS/GLONASS天线的电搭铁安装与图纸不符，六框腹板缺固定电搭铁的托板螺母，电搭铁与中后机身中间蒙皮的未铆接固定,GPS/GLONASS天线的电搭铁安装与图纸不符，六框腹板缺固定电搭铁的托板螺母，电搭铁与中后机身中间蒙皮的未铆接固定,未按图纸正确加工或装配,按图纸要求正确安装,3,维修(无需更换）,6
R739,739,飞行器平台,飞行器平台,搭铁,左右副翼舵机搭铁未安装，左右襟翼搭铁规格与图纸不符,左右副翼舵机搭铁未安装，左右襟翼搭铁规格与图纸不符,未按图纸正确加工或装配,按图纸要求正确安装,2,维修(无需更换）,6
R740,740,飞行器平台,飞行器平台,托板螺母,1～2框间右纵梁上缘条处缺少固定平台驱动单元和雷达小信号单元电搭铁的托板螺母,1～2框间右纵梁上缘条处缺少固定平台驱动单元和雷达小信号单元电搭铁的托板螺母,未按图纸正确加工或装配,按图纸要求正确安装,2,维修(无需更换）,6
R741,741,飞行器平台,飞行器平台,燃油口盖螺钉,9框后燃油设备维护口盖上的螺钉与机体托板螺母粘死无法拆卸,9框后燃油设备维护口盖上的螺钉与机体托板螺母粘死无法拆卸,喷漆时燃油口盖螺钉与托板螺母粘死,更换故障件,2,更换故障件,6
R742,742,飞行器平台,飞行器平台,托板螺母,左右垂直安定面上连接磁力计搭铁的托板螺母规格错误,左右垂直安定面上连接磁力计搭铁的托板螺母规格错误,未按图纸正确加工或装配,按图纸要求正确安装,2,维修(无需更换）,6
R743,743,飞行器平台,飞行器平台,地板托板螺母孔,前机身1框后左侧地板上安装滤波电容盒的4个托板螺母孔位间距与图纸不符,前机身1框后左侧地板上安装滤波电容盒的4个托板螺母孔位间距与图纸不符,未按图纸正确加工或装配,按图纸要求正确加工,1,维修(无需更换）,6
R744,744,飞行器平台,飞行器平台,机头罩搭铁片,机头罩搭铁片未开孔,机头罩搭铁片未开孔,未按图纸正确加工或装配,按图纸要求正确加工,1,维修(无需更换）,6
R746,746,飞行器平台,飞行器平台,滑油安装座减震胶垫,10框腹板上的滑油箱安装座上没有粘接减震胶垫,10框腹板上的滑油箱安装座上没有粘接减震胶垫,未按图纸正确加工或装配,按图纸要求正确安装,2,维修(无需更换）,6
R747,747,飞行器平台,飞行器平台,襟翼支架托板螺母,左、右机翼4号肋后段各缺3个襟翼支架安装托板螺母,左、右机翼4号肋后段各缺3个襟翼支架安装托板螺母,未按图纸正确加工或装配,按图纸要求正确安装,2,维修(无需更换）,6
R747,747,飞行器平台,飞行器平台,副翼支架托板螺母,左、右机翼8号肋后段各缺3个副翼支架安装托板螺母,左、右机翼8号肋后段各缺3个副翼支架安装托板螺母,未按图纸正确加工或装配,按图纸要求正确安装,2,维修(无需更换）,6
R747,747,飞行器平台,飞行器平台,总温传感器托板螺母,总温传感器安装有1个托板螺母规格错误,总温传感器安装有1个托板螺母规格错误,未按图纸正确加工或装配,更换故障件,3,更换故障件,6
R747,747,飞行器平台,飞行器平台,差分GPS卡套,差分GPS卡套尺寸加工偏差太大,差分GPS卡套尺寸加工偏差太大,未按图纸正确加工或装配,按图纸要求正确加工,1,维修(无需更换）,6
R747,747,飞行器平台,飞行器平台,卫通功放搭铁安装托板螺母,卫通功放搭铁安装托板螺母安装方向错误,卫通功放搭铁安装托板螺母安装方向错误,未按图纸正确加工或装配,按图纸要求正确安装,3,维修(无需更换）,6
R747,747,飞行器平台,飞行器平台,通风盒搭铁安装托板螺母,通风盒搭铁安装托板螺母规格错误,通风盒搭铁安装托板螺母规格错误,未按图纸正确加工或装配,更换故障件,2,更换故障件,6
R748,748,飞行器平台,飞行器平台,舵机控制盒安装螺钉,舵机控制盒安装螺钉长度不够,舵机控制盒安装螺钉长度不够,制造偏离,更换故障件,2,更换故障件,6
R749,749,飞行器平台,飞行器平台,速率陀螺安装螺钉,速率陀螺安装螺钉长度不够,速率陀螺安装螺钉长度不够,制造偏离,更换故障件,2,更换故障件,6
R750,750,飞行器平台,飞行器平台,通风盒搭铁线安装螺钉,通风盒搭铁线安装螺钉长度不够,通风盒搭铁线安装螺钉长度不够,制造偏离,更换故障件,2,更换故障件,6
R751,751,飞行器平台,飞行器平台,舵机控制盒安装螺钉,舵机控制盒安装螺钉长度不够,舵机控制盒安装螺钉长度不够,制造偏离,更换故障件,2,更换故障件,6
R752,752,飞行器平台,飞行器平台,速率陀螺安装螺钉,速率陀螺安装螺钉长度不够,速率陀螺安装螺钉长度不够,制造偏离,更换故障件,2,更换故障件,6
R753,753,飞行器平台,飞行器平台,通风盒搭铁线安装螺钉,通风盒搭铁线安装螺钉长度不够,通风盒搭铁线安装螺钉长度不够,制造偏离,更换故障件,2,更换故障件,6
R754,754,飞行器平台,飞行器平台,机翼尖安装螺钉,机翼尖安装螺钉规格错误,机翼尖安装螺钉规格错误,螺钉配套错误,更换故障件,2,更换故障件,6
R755,755,飞行器平台,飞行器平台,燃油口盖螺钉,燃油设备维护口盖螺钉十字槽损坏,燃油设备维护口盖螺钉十字槽损坏,螺钉连接后喷漆，使螺钉与口盖粘连，加之螺钉质量问题，导致螺钉损坏,更换故障件,2,更换故障件,6
R756,756,飞行器平台,飞行器平台,上蒙皮复合材料,水平安定面后墙处上蒙皮复合材料劈裂,水平安定面后墙处上蒙皮复合材料劈裂,制造缺陷,按图纸要求正确加工,2,维修(无需更换）,6
R757,757,飞行器平台,飞行器平台,输油泵单向阀支架,输油泵单向阀支架安装位置倾斜，其中一个单向阀无法固定,输油泵单向阀支架安装位置倾斜，其中一个单向阀无法固定,制造缺陷,按图纸要求正确安装,3,维修(无需更换）,6
R758,758,飞行器平台,飞行器平台,舵机安装孔位,架机平尾安定面后墙上4个舵机安装孔位均存在不同程度的制造偏离,架机平尾安定面后墙上4个舵机安装孔位均存在不同程度的制造偏离，导致舵机安装困难,制造偏离,按图纸要求正确加工,1,维修(无需更换）,6
R761,761,飞行器平台,飞行器平台,温控开关支架,温控开关支架加工错误,温控开关支架加工错误,制造偏离,按图纸要求正确加工,1,维修(无需更换）,6
R761,761,飞行器平台,飞行器平台,舵机安装孔位,平尾安定面后墙上4个舵机安装孔位均存在不同程度的制造偏离,平尾安定面后墙上4个舵机安装孔位均存在不同程度的制造偏离，导致舵机安装困难,制造偏离,按图纸要求正确加工,1,维修(无需更换）,6
R762,762,飞行器平台,飞行器平台,固定托板螺母,左、右机翼机身对接处机翼端各缺2个缺固定托板螺母,左、右机翼机身对接处机翼端各缺2个缺固定托板螺母,未按图纸要求加工,按图纸要求正确安装,2,维修(无需更换）,6
R763,763,飞行器平台,飞行器平台,升降舵机维护口盖复合材料,升降舵机维护口盖复合材料分层,升降舵机维护口盖复合材料分层,制造缺陷,按图纸要求正确加工,1,维修(无需更换）,6
R764,764,飞行器平台,平台机体,平台惯导托架通孔,平台惯导托架与通风盒管道发生干涉，托架中的两个通孔与通风盒的通风管不同轴,平台惯导托架与通风盒管道发生干涉，托架中的两个通孔与通风盒的通风管不同轴，导致惯导托架无法安装,制造错误,按图纸要求正确安装,3,维修(无需更换）,6
R764,764,飞行器平台,平台机体,控制器安装螺钉,机翼舵机控制器和尾翼舵机控制器安装处的结构增厚,控制器安装螺钉长度不足,机翼舵机控制器和尾翼舵机控制器安装处的结构增厚，导致原设计的设备安装螺钉长度不足,更改螺钉,2,维修(无需更换）,6
R764,764,飞行器平台,平台机体,测控系统电源开关孔,4框中腹板上未开测控系统电源开关孔,4框中腹板上未开测控系统电源开关孔,制造错误,按图纸要求正确加工,1,维修(无需更换）,6
R765,765,飞行器平台,平台机体,垫块,垫块变形,KU天线底座与垫块间有间隙,制造错误,提供可剥垫块用以调整KU天线水平,3,维修(无需更换）,6
R766,766,飞行器平台,平台机体,空速管加温开关插销孔,空速管加温开关插销孔开偏,空速管加温开关插销孔开偏,制造误差,按图纸要求正确加工,1,维修(无需更换）,6
R766,766,飞行器平台,平台机体,高度表天线电缆过孔橡胶垫,左、右尾撑管下部高度表天线安装处的电缆过孔无橡胶垫,左、右尾撑管下部高度表天线安装处的电缆过孔无橡胶垫,制造误差,按图纸要求正确安装,3,维修(无需更换）,6
R767,767,飞行器平台,平台机体,空速管加温开关插销孔,空速管加温开关插销孔未开,空速管加温开关插销孔未开,制造误差,按图纸要求正确加工,1,维修(无需更换）,6
R768,768,飞行器平台,平台机体,电缆套管固定卡箍,机翼上电缆套管固定卡箍已脱落,机翼上电缆套管固定卡箍已脱落,制造误差,按图纸要求正确安装,3,维修(无需更换）,6
R769,769,飞行器平台,飞行器平台,左襟翼拉杆,左襟翼拉杆端头的拧入深度不足,左襟翼拉杆端头的拧入深度不足,拉杆制造错误,更换故障件,2,更换故障件,6
R770,770,飞行器平台,发动机,短舱下罩,发动机短舱下罩安装孔无法全部对齐，且无法与上罩连接,发动机短舱下罩安装孔无法全部对齐，且无法与上罩连接,发动机短舱下罩制造问题,返修发动机短舱下罩,1,维修(无需更换）,6
R771,771,飞行器平台,发动机,短舱上罩组件；短舱下罩组件,短舱后边缘与螺旋桨桨叶表面干涉,短舱上罩组件和下罩组件安装后，其后边缘与螺旋桨桨叶表面干涉,预装配时未修配,修锉故障件,3,维修(无需更换）,6
R772,772,飞行器平台,起落架,液压系统,液压系统污染,起落架收放试验过程中，收起时正常，放下时右起落架严重滞后于左起落架和前起落架,液压系统污染，导致回油不畅通,清洗管路系统及成品，重新安装,3,维修(无需更换）,6
R772,772,飞行器平台,起落架,三位四通阀,三位四通阀工作不稳定,起落架收放试验过程中，收起时正常，放下时右起落架严重滞后于左起落架和前起落架,三位四通阀工作不稳定，导致起落架收放不正常,换故障件,2,更换故障件,6
R772,772,飞行器平台,起落架,地面液压车,地面液压车供电不稳定液压泵输出流量低,起落架收放试验过程中，收起时正常，放下时右起落架严重滞后于左起落架和前起落架,地面液压车供电不稳定液压泵输出流量低，导致起落架收放和应急放时间超时,更换地面液压车给液压电动泵、应急电动泵供电,1,更换故障件,6
R773,773,飞行器平台,起落架,缓冲支柱,装机交付的起落架时间较长,左右起落架缓冲支柱外筒下部均有不同程度漏油现象,密封试验后在外筒与衬筒组件涂的封胶不能完全起到长时间的密封效果，交付装机的起落架受时间积累、环境变化等影响，空腔内渗入的油层有渗出的可能,完善工艺，在密封试验后增加清洗工序，将外筒与衬筒组件密封腔内的油清洗，吹干,3,改进工艺,6
R774,774,飞行器平台,起落架,缓冲支柱,装机交付的起落架时间较长,左右起落架缓冲支柱外筒下部均有不同程度漏油现象,密封试验后在外筒与衬筒组件涂的封胶不能完全起到长时间的密封效果，交付装机的起落架受时间积累、环境变化等影响，空腔内渗入的油层有渗出的可能,完善工艺，在密封试验后增加清洗工序，将外筒与衬筒组件密封腔内的油清洗，吹干,3,改进工艺,6
R775,775,飞行器平台,起落架,减摆器,减摆器失效,前起落架减摆器阻尼减小,减摆器失效,更换故障件,2,更换故障件,6
R776,776,飞行器平台,起落架,舱门拉杆,拉杆舱门装配不当,试飞过程中发现右起落架无法收起锁死,舱门拉杆装配不当,重新调整舱门拉杆,3,维修(无需更换）,6
R777,777,飞行器平台,右起落架,舱门拉杆,舱门拉杆断裂,飞行后检查，发现右起落架舱门拉杆接头断裂。,舱门拉杆断裂,更换故障件,1,更换故障件,6
R779,779,飞行器平台,左主起落架,作动筒,密封件和易损件故障,左主起落架作动筒收放过程中出现渗油,密封件和易损件故障,更换密封件和易损件,2,维修(无需更换）,6
R780,780,飞行器平台,滑油箱,口盖,滑油箱口盖内部有裂纹,飞行前做机务检查时发现滑油箱口盖内部有裂纹,NA,更换故障件,2,更换故障件,6
R781,781,飞行器平台,右主起落架,缓冲支柱内筒刮油环,右起落架缓冲支柱内筒上部刮油环脱离,飞行后检查，发现右起落架缓冲支柱内筒上部刮油环脱离,为保证良好的刮油及防尘效果刮油环和下支撑环间需要一定的转配过盈量，同时刮油环与内筒间也存在一定的摩擦力。由于刮油环为橡胶制品，零件的偏差较大，同时装配因素的影响，导致刮油环与内筒之间的配合过紧，引起刮油环在使用中脱落，本次刮油环的脱落属于个别现象。由于刮油环只是起刮油和阻止灰尘进入的作用，缓冲器的密封作用是由内部的胶圈完成的，因此在发生刮油环脱落时对飞机的安全无影响，但脱落后需进行更换或修理。,更换故障件,2,更换故障件,6
R782,782,电器系统,主控制盒,K2继电器,驱动电路板上的K2继电器触点冷粘,主控制盒在随机振动（沿航向）测试过程中，主控制盒测试仪发出了“发电机并网2”指令后，主控制盒无相应输出,由主控制盒驱动电路板上的K2继电器触点冷粘连引起,发生冷粘连的继电器在后续使用过程中发生再次粘连的可能性很小，可暂不处理,4,无故障,1
R783,783,电器系统,主控制盒,K42继电器,对主控制盒测试仪上测试点的电压测量，确认输油泵2电源无输出，对电路板进行逐级检查，确认为驱动电路板K42继电器故障,对主控制盒进行随机振动前测试，发现输油泵2故障,由于继电器线圈漆包线在进行包扎操作时，引出线焊接点位置附近漆包线受挤压产生机械应力损伤，在后续使用过程中的环境、温度、电流等应力作用下，漆包线的损伤逐渐加剧，发生开路导致继电器失效,更换故障件,1,更换故障件,1
R784,784,电器系统,主控制盒,变换电路板上的蓄电池并网1控制继电器K,变换电路板上的蓄电池并网1控制继电器K3触点粘连,主控制盒在进行ESS试验时温度循环前的垂直方向振动后，蓄电池并网指令撤除后蓄电池仍旧保持并网状态,变换电路板上的蓄电池并网1控制继电器K3触点粘连失效引起的,更换故障件,2,更换故障件,1
R785,785,电器系统,主控制盒,插头接触针,在全机未断电的情况下卸拔插头,地面拷机实验过程中，由于操作不当，造成主控制盒插头的19针打火断损,带电插拔接插件造成器件受损,更换故障件,2,更换故障件,1
R787,787,电器系统,主控制盒,驱动电路板上继电器K34,驱动电路板上继电器K34常闭触电粘连,在地检过程中给飞机上电并打开惯导开关后，全机电流较正常值偏高,驱动电路板上的继电器K34常闭触电粘连导致惯导115V无法切换地面115V供电,更换继电器,2,更换故障件,1
R788,788,电器系统,发电机,控制器,多次测试故障无复现；发电机较长时间未运行，碳刷表面氧化,在地面检查中发现发电机负载输出电压与装前检验试验中测试结果相比偏低,因发电机较长时间未运行，碳刷表面氧化造成接触电阻偏高，使输出电压偏低,经一段时间磨合，产品输出电压恢复正常，非故障,4,无故障,1
R789,789,电器系统,发电机,控制器调压板组件,调压板组件故障,空载电压波动大，负载电压偏低,调压板组件故障,更换故障件,2,更换故障件,1
R791,791,电器系统,发电机,控制器AP1板级上的RP2电位计,AP1板级中的RP2电位计失效,发电机控制器在日常通电检查过程中突然发生电流信号偏低现象,控制器AP1板级中的RP2电位计失效,更换故障件,2,更换故障件,1
R793,793,电器系统,滤波电容盒,延时继电器,滤波电容盒内部延时继电器没有吸合，换滤波电容盒后故障消失,发动机开车后发现主电源电压波动大,由于滤波电容盒内部延时继电器没有吸合导致了滤波电容盒的滤波作用减弱，从而导致了主电容波动大,更换故障件,1,更换故障件,1
R794,794,电器系统,主控制盒,驱动电路板上K41继电器,驱动电路板上K41继电器常开触点粘连,在ESS垂直轴向振动试验后发现，“燃油泵1”输出异常，燃油低压信号无法将燃油泵1电源切断,驱动电路板上K41继电器常开触点粘连引起故障,更换故障件,2,更换故障件,1
R794,794,电器系统,主控制盒,FP01X插座,FP01X插座的“X50”和“X110”针的引出线相连,在ESS垂直轴向振动试验后发现，飞控发出“发动机停车1”指令导致“发动机停车1”和“发动机启动”同时动作，飞控发出“发动机启动”指令导致“发动机停车1”和“发动机启动”同时动作,由FP01X插座的“X50”和“X110”针的引出线相连而引起的,更换故障件,2,更换故障件,1
R795,795,电器系统,主控制盒,驱动电路板上K43继电器,驱动电路板上K43继电器常开触点粘连,在ESS垂直轴向振动试验后发现，“燃油泵2”输出异常，主控制盒加电未发出双燃油泵指令或燃油泵2地控指令时燃油泵2即有输出,驱动电路板上K43继电器常开触点粘连而引起,更换故障件,2,更换故障件,1
R797,797,测控系统,视距链路收发组合,TV/TM发射机电调衰减器,发射机电调衰减器管脚3和管脚7虚焊,在联试过程中，视距链路在天线1时，上下行可正常工作，切换到天线2时，没有下行数据，接收AGC为0.1V,发射机电调衰减器管脚3和管脚7虚焊导致该故障发生,对元器件重新补焊,3,维修(无需更换）,2
R798,798,测控系统,视距链路收发组合,同步及控制单元,同步及控制单元管脚虚焊,联试时发现，机载视距收发组合密码状态下，保密机报警，视距链路不通,同步及控制单元D12的管脚11虚焊和同步及控制单元D4的管脚183虚焊导致故障,对元器件重新补焊,3,维修(无需更换）,2
R799,799,测控系统,视距收发组合,主中放单元电路中微波单片发达器,主中放单元电路中微波单片发达器失效,拷机过程中，机载视距收发组合出现故障，C波段遥控无法锁定,主中放单元电路中微波单片发达器失效导致故障,更换故障件,2,更换故障件,2
R800,800,测控系统,视距收发组合,AP2中的压控振荡器,AP2中压控振荡器与AP1的焊盘相连的焊针虚焊,收发组合的“发频综状态”在“正常”与“故障”间反复切换，导致下行链路无法锁定,AP2中压控振荡器与AP1的焊盘相连的焊针虚焊导致故障,对元器件重新补焊,3,维修(无需更换）,2
R801,801,测控系统,卫通机载收发组合,密钥接入信号线,密钥接入信号线焊接错误,在联试过程中，卫通机载收发组合的保密机模块不能完成密钥注入,由于工作人员粗心大意，导致密钥接入信号线焊接错误，造成不能完成密钥注入,重新焊接,3,维修(无需更换）,2
R803,803,测控系统,机载Ku天线,方位旋变压环,天线方位轴顺时针和逆时针转动零点不一致，方位旋变压环松动导致外环松动,机场联试时发现，机载Ku天线失锁,方位旋变压环松动导致外环松动，机载Ku天线失锁,紧固故障件,3,维修(无需更换）,2
R804,804,测控系统,机载Ku天线,天线控制盒与惯导接口芯片,天线控制盒和惯导串口接口芯片硬件故障,地面联试过程中，惯导准航后不能锁定卫星，只有在重要汇流条重新断电上电后才能正常工作,天线控制盒和惯导串口接口芯片硬件故障导致惯导逐句无法接收,更换故障件,2,更换故障件,2
R805,805,测控系统,卫星中继数据链,收发组合端口的插头信号线,收发组合端口连接的插头信号线破损，功放中频输入电缆头及其后附件紧固不到位,卫通在密码传输下不通，在明码传输下正常,收发组合端口连接的插头信号线破损造成合密钥注入异常，功放中频输入电缆头及其后附件紧固不到位造成射频信号异常,对线缆处理后恢复正常，将电缆头和附件紧固,3,维修(无需更换）,2
R806,806,测控系统,卫星中继数据链,收发组合端口的插头信号线,收发组合端口连接的插头信号线破损，功放中频输入电缆头及其后附件紧固不到位,卫通在密码传输下不通，在明码传输下正常,收发组合端口连接的插头信号线破损造成合密钥注入异常，功放中频输入电缆头及其后附件紧固不到位造成射频信号异常,对线缆处理后恢复正常，将电缆头和附件紧固,3,维修(无需更换）,2
R807,807,测控系统,卫通链路功放组合,滤波电容,功放电容模块滤波电容脱落,联试中，卫通下行反向链路锁定不稳,功放电容模块滤波电容脱落导致故障,更换功放电源模块脱落的滤波电容,2,更换故障件,2
R808,808,测控系统,卫通链路,收发组合监控板CPLD芯片,收发组合监控板CPLD芯片失效,起飞前状态检查，卫通链路设备状态显示异常,收发组合监控板CPLD芯片失效,更换故障件,2,更换故障件,2
R810,810,测控系统,机载卫通Ku天线,驱动盒内部C11电容,天线驱动盒内部C11电容被击穿,联试过程中，机载Ku卫通天线跟踪设备加电后，天线方位轴不受控制,机载Ku卫通天线跟踪设备加电后，天线方位轴不受控，是由于天线驱动盒内部C11电容被击穿短路所致,更换故障件,2,更换故障件,2
R811,811,测控系统,机载卫通Ku天线,机载卫通Ku天线,重新安装后安装位置和之前存在安装偏差,地面联试过程中发现机载卫通Ku天线在俯仰45度水平190度处不停地抖动，无法锁定卫星,安装位置可能存在安装偏差，造成天线零值与之前发生变化，所以设备加电，天线未指准目标而处于扫描状态，因此天线不停的摆动,重新安装，并对天线跟踪设备零值重新进行标定后,3,维修(无需更换）,2
R812,812,测控系统,机载Ku卫通天线,跟踪设备极化扇齿,极化扇齿变形,机载卫通天线分别出现两次机载卫通天线显示不能锁定卫星的现象,极化扇齿变形造成极化传动机构运转卡滞，导致天线极化角未转到位，所以天线一值处于指向状态，未实现自动跟踪,更换故障件,2,更换故障件,2
R814,814,动力装置系统,发电机连接轴套；发动机支架,发电机连接轴套；发动机支架,发电机连接轴套与发动机支架间隙过小,发电机连接轴套与发动机支架间隙未达到要求，无法装机,发电机连接轴套与发动机支架间隙过小,局部修锉发电机轴套耳片,3,维修(无需更换）,4
R815,815,动力装置系统,发电机连接轴套；发动机支架,发电机连接轴套；发动机支架,发电机连接轴套与发动机支架间隙过小,发电机连接轴套与发动机支架间隙未达到要求，无法装机,发电机连接轴套与发动机支架间隙过小,局部修锉发电机轴套耳片,3,维修(无需更换）,4
R816,816,动力装置系统,发电机连接轴套；发动机支架,发电机连接轴套；发动机支架,发电机连接轴套与发动机支架间隙过小,发电机连接轴套与发动机支架间隙未达到要求，无法装机,发电机连接轴套与发动机支架间隙过小,局部修锉发电机轴套耳片,3,维修(无需更换）,4
R817,817,动力装置系统,发电机连接轴套；发动机支架,发电机连接轴套；发动机支架,发电机连接轴套与发动机支架间隙过小,发电机连接轴套与发动机支架间隙未达到要求，无法装机,发电机连接轴套与发动机支架间隙过小,局部修锉发电机轴套耳片,3,维修(无需更换）,4
R818,818,动力装置系统,发电机连接轴套；发动机支架,发电机连接轴套；发动机支架,发电机连接轴套与发动机支架间隙过小,发电机连接轴套与发动机支架间隙未达到要求，无法装机,发电机连接轴套与发动机支架间隙过小,局部修锉发电机轴套耳片,3,维修(无需更换）,4
R819,819,动力装置系统,发电机连接轴套；发动机支架,发电机连接轴套；发动机支架,发电机连接轴套与发动机支架间隙过小,发电机连接轴套与发动机支架间隙未达到要求，无法装机,发电机连接轴套与发动机支架间隙过小,局部修锉发电机轴套耳片,3,维修(无需更换）,4
R820,820,动力装置系统,发电机连接轴套；发动机支架,发电机连接轴套；发动机支架,发电机连接轴套与发动机支架间隙过小,发电机连接轴套与发动机支架间隙未达到要求，无法装机,发电机连接轴套与发动机支架间隙过小,局部修锉发电机轴套耳片,3,维修(无需更换）,4
R824,824,动力装置系统,散热器,散热器支架耳片,散热器支架耳片与滑油散热器端安装耳片的间距不符,无法按照图纸顺利安装耳片,散热器支架耳片与滑油散热器端安装耳片的间距不符，导致无法安装耳片,更换故障件,2,更换故障件,4
R825,825,动力装置系统,发动机,供油胶管,现场测量检查发现发动机供油管上滚波尺寸超出航标规定范围,装机时发现发动机供油胶管无法正常安装,此件加工方法为挤压成型，在零件首件加工合格后，加工后续产品时，由于挤压力大，机床定位出现偏移，之后均有较小的尺寸偏移,更换故障件,2,更换故障件,4
R826,826,动力装置系统,发动机,供油胶管,现场测量检查发现发动机供油管上滚波尺寸超出航标规定范围,装机时发现发动机供油胶管无法正常安装,此件加工方法为挤压成型，在零件首件加工合格后，加工后续产品时，由于挤压力大，机床定位出现偏移，之后均有较小的尺寸偏移,更换故障件,2,更换故障件,4
R827,827,动力装置系统,发动机,供油胶管,现场测量检查发现发动机供油管上滚波尺寸超出航标规定范围,装机时发现发动机供油胶管无法正常安装,此件加工方法为挤压成型，在零件首件加工合格后，加工后续产品时，由于挤压力大，机床定位出现偏移，之后均有较小的尺寸偏移,更换故障件,2,更换故障件,4
R828,828,动力装置系统,发动机,供油胶管,现场测量检查发现发动机供油管上滚波尺寸超出航标规定范围,装机时发现发动机供油胶管无法正常安装,此件加工方法为挤压成型，在零件首件加工合格后，加工后续产品时，由于挤压力大，机床定位出现偏移，之后均有较小的尺寸偏移,更换故障件,2,更换故障件,4
R829,829,动力装置系统,发动机,供油胶管,现场测量检查发现发动机供油管上滚波尺寸超出航标规定范围,装机时发现发动机供油胶管无法正常安装,此件加工方法为挤压成型，在零件首件加工合格后，加工后续产品时，由于挤压力大，机床定位出现偏移，之后均有较小的尺寸偏移,更换故障件,2,更换故障件,4
R830,830,动力装置系统,发动机,短舱下罩密封条,短舱下罩密封条尺寸与图纸尺寸不符,短舱下罩密封条无法安装,工人对图纸不熟悉造成，短舱下罩密封条尺寸与图纸尺寸不符,更换故障件，按图纸安装,2,更换故障件,4
R831,831,动力装置系统,发动机,短舱下罩密封条,短舱下罩密封条尺寸与图纸尺寸不符,短舱下罩密封条无法安装,工人对图纸不熟悉造成，短舱下罩密封条尺寸与图纸尺寸不符,更换故障件，按图纸安装,2,更换故障件,4
R832,832,动力装置系统,发动机,短舱下罩密封条,短舱下罩密封条尺寸与图纸尺寸不符,短舱下罩密封条无法安装,工人对图纸不熟悉造成，短舱下罩密封条尺寸与图纸尺寸不符,更换故障件，按图纸安装,2,更换故障件,4
R833,833,动力装置系统,发动机,短舱下罩密封条,短舱下罩密封条尺寸与图纸尺寸不符,短舱下罩密封条无法安装,工人对图纸不熟悉造成，短舱下罩密封条尺寸与图纸尺寸不符,更换故障件，按图纸安装,2,更换故障件,4
R834,834,动力装置系统,发动机,短舱下罩密封条,短舱下罩密封条尺寸与图纸尺寸不符,短舱下罩密封条无法安装,工人对图纸不熟悉造成，短舱下罩密封条尺寸与图纸尺寸不符,更换故障件，按图纸安装,2,更换故障件,4
R835,835,动力装置系统,发动机,短舱下罩密封条,短舱下罩密封条尺寸与图纸尺寸不符,短舱下罩密封条无法安装,工人对图纸不熟悉造成，短舱下罩密封条尺寸与图纸尺寸不符,更换故障件，按图纸安装,2,更换故障件,4
R836,836,动力装置系统,发动机,短舱下罩密封条,短舱下罩密封条尺寸与图纸尺寸不符,短舱下罩密封条无法安装,工人对图纸不熟悉造成，短舱下罩密封条尺寸与图纸尺寸不符,更换故障件，按图纸安装,2,更换故障件,4
R837,837,动力装置系统,发电机,连接轴套,发动机测绘过程中选择基准点位置出现差错,装机过程中，发电机连接轴套与联轴器的同轴度不合格,发动机测绘过程中选择基准点位置时出现了差错，导致测绘出的发动机安装点坐标值出现了偏差,重新测绘，按照图纸进行装配,3,维修(无需更换）,4
R838,838,动力装置系统,空气冷却风罩,空气冷却风罩,空气冷却风罩未开孔,装机过程中发现空气冷却风罩未开孔，无法装机使用,空气冷却风罩未开孔,按图纸重新开孔,3,维修(无需更换）,4
R839,839,动力装置系统,空气冷却风罩,空气冷却风罩,空气冷却风罩未开孔,装机过程中发现空气冷却风罩未开孔，无法装机使用,空气冷却风罩未开孔,按图纸重新开孔,3,维修(无需更换）,4
R840,840,动力装置系统,空气冷却风罩,空气冷却风罩,空气冷却风罩未开孔,装机过程中发现空气冷却风罩未开孔，无法装机使用,空气冷却风罩未开孔,按图纸重新开孔,3,维修(无需更换）,4
R841,841,动力装置系统,发动机,短舱上罩,发动机短舱上罩外部撕裂,发动机短舱上罩外部撕裂,产品制造质量问题,维修故障件,3,维修(无需更换）,4
R842,842,动力装置系统,散热器,支架,支架上部横梁焊接位置偏下,散热器支架滑油散热器端的两个横梁的间距尺寸与图纸不符，导致滑油散热器无法安装到位,支架上部横梁焊接位置偏下，导致横梁上焊接的短杆位置偏下，使滑油散热器无法安装到位,维修故障件,3,维修(无需更换）,4
R843,843,动力装置系统,散热器,支架,支架上部横梁焊接位置偏下,散热器支架滑油散热器端的两个横梁的间距尺寸与图纸不符，导致滑油散热器无法安装到位,支架上部横梁焊接位置偏下，导致横梁上焊接的短杆位置偏下，使滑油散热器无法安装到位,维修故障件,3,维修(无需更换）,4
R844,844,动力装置系统,冷却风罩,冷却风罩,冷却风罩均无法将发动机散热片完全覆盖，冷却风罩下端缺少包裹翻边,冷却风罩均无法将发动机散热片完全覆盖，冷却风罩下端缺少包裹翻边，导致发动机在空中飞行过程中散热效果受到影响,产品制造质量问题,重新制造工装，用新的工装制造冷却风罩,1,重新制造工装,4
R845,845,动力装置系统,冷却风罩,冷却风罩,冷却风罩均无法将发动机散热片完全覆盖，冷却风罩下端缺少包裹翻边,冷却风罩均无法将发动机散热片完全覆盖，冷却风罩下端缺少包裹翻边，导致发动机在空中飞行过程中散热效果受到影响,产品制造质量问题,重新制造工装，用新的工装制造冷却风罩,1,重新制造工装,4
R846,846,动力装置系统,冷却风罩,冷却风罩,冷却风罩均无法将发动机散热片完全覆盖，冷却风罩下端缺少包裹翻边,冷却风罩均无法将发动机散热片完全覆盖，冷却风罩下端缺少包裹翻边，导致发动机在空中飞行过程中散热效果受到影响,产品制造质量问题,重新制造工装，用新的工装制造冷却风罩,1,重新制造工装,4
R847,847,动力装置系统,冷却风罩,冷却风罩,冷却风罩均无法将发动机散热片完全覆盖，冷却风罩下端缺少包裹翻边,冷却风罩均无法将发动机散热片完全覆盖，冷却风罩下端缺少包裹翻边，导致发动机在空中飞行过程中散热效果受到影响,产品制造质量问题,重新制造工装，用新的工装制造冷却风罩,1,重新制造工装,4
R848,848,动力装置系统,冷却风罩,冷却风罩,冷却风罩均无法将发动机散热片完全覆盖，冷却风罩下端缺少包裹翻边,冷却风罩均无法将发动机散热片完全覆盖，冷却风罩下端缺少包裹翻边，导致发动机在空中飞行过程中散热效果受到影响,产品制造质量问题,重新制造工装，用新的工装制造冷却风罩,1,重新制造工装,4
R849,849,动力装置系统,冷却风罩,冷却风罩,冷却风罩均无法将发动机散热片完全覆盖，冷却风罩下端缺少包裹翻边,冷却风罩均无法将发动机散热片完全覆盖，冷却风罩下端缺少包裹翻边，导致发动机在空中飞行过程中散热效果受到影响,产品制造质量问题,重新制造工装，用新的工装制造冷却风罩,1,重新制造工装,4
R850,850,动力装置系统,冷却风罩,冷却风罩,冷却风罩均无法将发动机散热片完全覆盖，冷却风罩下端缺少包裹翻边,冷却风罩均无法将发动机散热片完全覆盖，冷却风罩下端缺少包裹翻边，导致发动机在空中飞行过程中散热效果受到影响,产品制造质量问题,重新制造工装，用新的工装制造冷却风罩,1,重新制造工装,4
R851,851,动力装置系统,冷却风罩,冷却风罩,冷却风罩均无法将发动机散热片完全覆盖，冷却风罩下端缺少包裹翻边,冷却风罩均无法将发动机散热片完全覆盖，冷却风罩下端缺少包裹翻边，导致发动机在空中飞行过程中散热效果受到影响,产品制造质量问题,重新制造工装，用新的工装制造冷却风罩,1,重新制造工装,4
R852,852,动力装置系统,冷却风罩,冷却风罩,冷却风罩均无法将发动机散热片完全覆盖，冷却风罩下端缺少包裹翻边,冷却风罩均无法将发动机散热片完全覆盖，冷却风罩下端缺少包裹翻边，导致发动机在空中飞行过程中散热效果受到影响,产品制造质量问题,重新制造工装，用新的工装制造冷却风罩,1,重新制造工装,4
R853,853,动力装置系统,冷却风罩,冷却风罩,冷却风罩均无法将发动机散热片完全覆盖，冷却风罩下端缺少包裹翻边,冷却风罩均无法将发动机散热片完全覆盖，冷却风罩下端缺少包裹翻边，导致发动机在空中飞行过程中散热效果受到影响,产品制造质量问题,重新制造工装，用新的工装制造冷却风罩,1,重新制造工装,4
R854,854,动力装置系统,冷却风罩,冷却风罩,冷却风罩均无法将发动机散热片完全覆盖，冷却风罩下端缺少包裹翻边,冷却风罩均无法将发动机散热片完全覆盖，冷却风罩下端缺少包裹翻边，导致发动机在空中飞行过程中散热效果受到影响,产品制造质量问题,重新制造工装，用新的工装制造冷却风罩,1,重新制造工装,4
R855,855,动力装置系统,冷却风罩,冷却风罩,冷却风罩均无法将发动机散热片完全覆盖，冷却风罩下端缺少包裹翻边,冷却风罩均无法将发动机散热片完全覆盖，冷却风罩下端缺少包裹翻边，导致发动机在空中飞行过程中散热效果受到影响,产品制造质量问题,重新制造工装，用新的工装制造冷却风罩,1,重新制造工装,4
R856,856,动力装置系统,动力装置,增压器回油管组件,增压器回油管组件滚波直径偏大,胶管无法安装,增压器回油管组件滚波直径偏大，导致胶管无法安装,对故障件滚波位置进行修理,3,维修(无需更换）,4
R858,858,动力装置系统,动力装置,空气冷却风罩,空气冷却风道与滑油恒温活门支架干涉,空气冷却风道与滑油恒温活门支架干涉,产品制造质量问题,按图纸对故障件重新开孔并安装,3,维修(无需更换）,4
R859,859,动力装置系统,动力装置,空气冷却风罩,空气冷却风道与滑油恒温活门支架干涉,空气冷却风道与滑油恒温活门支架干涉,产品制造质量问题,按图纸对故障件重新开孔并安装,3,维修(无需更换）,4
R861,861,动力装置系统,发动机,滑油滤,采用短接的方式逐一排除了滑油管路堵塞、恒温活门异常以及散热器异常的可能性，经检查磁堵无异常,发动机地面开车过程中，滑油温度76℃左右时，滑油压力异常波动,新发动机前期试车中磨损的细微金属颗粒堵塞滑油滤滤纸所导致滑油滤阻力增大,更换滑油滤,2,更换故障件,4
R863,863,动力装置系统,滑油箱,滑油箱组件,用汽油清洗滑油箱，故障仍存在,换油保养时，放油过程中将滑油箱底部放油阀门顶开，滑油缓慢滴出，流动缓慢,滑油箱箱体下部铆接的放油开关故障,更换故障件,2,更换故障件,4
R864,864,动力装置系统,发动机,短舱下罩,发动机短舱下罩板与短舱下罩连接处粘接不牢固,发动机短舱下罩板与短舱下罩连接处开胶,发动机短舱下罩板与短舱下罩连接处粘接不牢固,重新胶接,3,维修(无需更换）,4
R866,866,动力装置系统,信号处理器,电源模块；激励源,电源模块和激励源故障,飞机做油量标定时，调零位和满位油量时，检测车显示剩余油量无变化无变化,电源模块和激励源故障,更换故障件,2,更换故障件,4
R867,867,动力装置系统,燃油供油泵,供油泵,供油泵进油嘴断裂,飞机做油量标定时，燃油供油系统连接供油泵处漏油,供油泵进油嘴断裂导致漏油,更换故障件,2,更换故障件,4
R869,869,动力装置系统,加油口盖,橡胶圈,机身油箱加油口盖内橡胶圈断裂,机身油箱加油口盖内橡胶圈断裂，无法使用,NA,更换故障件,2,更换故障件,4
R871,871,动力装置系统,信号调理盒,PCB板上继电器,对信号调理盒进行测试，燃油泵1输出引脚与输入引脚粘连,外场发动机开车试验时，检测车报燃油泵1常亮，无法正常关闭油泵,PCB板上PELPY3继电器故障，造成无法正常关闭油泵,更换故障件,2,更换故障件,4
R872,872,动力装置系统,动力装置,缸温传感器,缸温传感器故障,缸温升温过快,缸温传感器探头与引线连接处接触不良导致故障,更换故障件,2,更换故障件,4
R873,873,动力装置系统,螺旋桨,螺旋桨根部,安装变距碳刷的螺钉螺杆前端与螺旋桨根部轻微干涉,飞行前检测过程中发现螺旋桨根部有划痕,安装变距碳刷的螺钉螺杆前端与螺旋桨根部轻微干涉，导致螺旋桨旋转过程中被轻微划伤,维修故障件，更改变距碳刷安装螺钉的安装方式,3,维修(无需更换）,4
R874,874,动力装置系统,电子燃油泵,电子燃油泵,,联试时发现电子燃油泵故障，电子燃油泵温度过高、不过油,汽油胶质粘连卡滞导致燃油泵不工作,经汽油浸泡后故障排除，非故障,3,无故障,4
R875,875,动力装置系统,螺旋桨,变距机构,测量发现两滑环之间的电阻值为远超过正常电阻值；电机绕组与滑环焊接处出现裂纹导致绕组断路,地面试车过程中，桨距增减无响应,裂纹产生原因为变距时电机通电发热，变距结束在高空低温环境下迅速冷却，长期使用过程中绕组焊接处在变温度影响下产生疲劳而断裂，造成变距机构不工作,更换故障件,1,更换故障件,4
R879,879,动力装置系统,螺旋桨,防护贴,螺旋桨防护贴脱落,飞机返回地面检查时发现三个桨叶的防护贴脱落,外场更换防护贴的温湿度条件不满足要求，导致螺旋桨防护贴易脱落,撕掉防护贴,3,维修(无需更换）,4
R880,880,动力装置系统,螺旋桨,防护贴,螺旋桨防护贴开裂,螺旋桨桨叶防护贴均有不同程度开裂现象,外场更换防护贴的温湿度条件不满足要求，导致螺旋桨防护贴易脱落,撕掉防护贴,3,维修(无需更换）,4
R881,881,动力装置系统,螺旋桨,防护贴,螺旋桨防护贴开裂,螺旋桨桨叶防护贴均有不同程度开裂现象,外场更换防护贴的温湿度条件不满足要求，导致螺旋桨防护贴易脱落,撕掉防护贴,3,维修(无需更换）,4
R882,882,动力装置系统,螺旋桨,防护贴,螺旋桨防护贴开裂,螺旋桨桨叶防护贴均有不同程度开裂现象,外场更换防护贴的温湿度条件不满足要求，导致螺旋桨防护贴易脱落,撕掉防护贴,3,维修(无需更换）,4
R883,883,动力装置系统,螺旋桨,防护贴,螺旋桨防护贴开裂,螺旋桨桨叶防护贴均有不同程度开裂现象,外场更换防护贴的温湿度条件不满足要求，导致螺旋桨防护贴易脱落,撕掉防护贴,3,维修(无需更换）,4
R884,884,动力装置系统,螺旋桨,防护贴,螺旋桨防护贴开裂,螺旋桨桨叶防护贴均有不同程度开裂现象,外场更换防护贴的温湿度条件不满足要求，导致螺旋桨防护贴易脱落,撕掉防护贴,3,维修(无需更换）,4
R885,885,动力装置系统,螺旋桨,变距机构,变距机构故障,螺旋桨变距无响应，变距失败,变距机构故障,更换故障件,1,更换故障件,4
R887,887,动力装置系统,发动机,启动油路弯管组件；启动油路弯管六角螺母；启动油路弯管固定支架；汽化器盖上固定支架螺钉；汽化器盖上固定支架螺帽滑丝,起动油路弯管组件下部螺纹部位有损坏，弯管组件固定支架有轻微扭曲，汽化器盖上固定支架的螺钉与螺帽滑丝,发动机右侧起动油路弯管组件下部螺纹部位有损坏，弯管组件固定支架有轻微扭曲，汽化器盖上固定支架的螺钉与螺帽滑丝,人为操作原因,更换故障件,2,更换故障件,4
R888,888,动力装置系统,发动机,汽化器针阀,汽化器针阀关闭不严,空气盒排放余油管路渗油,汽化器中燃油泄漏至空气盒是因为汽化器针阀关闭不严,拆开汽化器仔细清洗浮子室及针阀，组装汽化器安装至发动机打开油泵，故障现象消失,3,维修(无需更换）,4
R891,891,动力装置系统,冷却液散热器,散热器安装点减震垫；散热器安装点碎裂,散热安装点处减震垫和橡胶垫老化、碎裂,冷却液散热器有漏液现象,散热安装点处减震垫和橡胶垫老化、碎裂,更换故障件,2,更换故障件,4
R893,893,导航飞控系统,左升降舵/方向舵控制盒,左升降舵/方向舵控制盒,器件共面性差造成的管脚焊接不良,在地检模式下，左升降舵切换至备通道工作时，余度2报dsp故障,该控制盒上电报左方向舵余度2故障是由于器件共面性差造成的管脚焊接不良,对焊脚进行补焊,3,维修(无需更换）,5
R894,894,导航飞控系统,卫星抗干扰天线,RS422,RS422焊线错误,天线与惯导相联的天线底座的X1口RS422的7号针对地短路,RS422焊线错误,对故障件进行焊接处理,3,维修(无需更换）,5
R895,895,导航飞控系统,左升降舵/方向舵控制盒,软件,左升降舵/方向舵控制盒有故障,飞机上电，左升降舵舵面抖动,舵面抖动的原因为位置传感器解调信号噪声导致微分速度变化幅值大于速度回路死区门限，速度环控制参数不匹配，从而引起舵面非正常抖动，属于器件的离散性引发的系统软件设计鲁棒性问题,对软件升级，将速度反馈信号改为HALL速度,2,软件,5
R896,896,导航飞控系统,左升降舵/方向舵控制盒,软件,左升降舵/方向舵控制盒有故障,飞机上电，左升降舵舵面抖动,舵面抖动的原因为位置传感器解调信号噪声导致微分速度变化幅值大于速度回路死区门限，速度环控制参数不匹配，从而引起舵面非正常抖动，属于器件的离散性引发的系统软件设计鲁棒性问题,对软件升级，将速度反馈信号改为HALL速度,2,软件,5
R897,897,导航飞控系统,飞控计算机,CPU通道2的EPROM器件,CPU通道2的EPROM器件失效,飞机上电，飞控计算机上电自检结果报CPU通道2故障,故障定位为CPU通道2的EPROM器件失效,更换故障件,2,更换故障件,5
R898,898,导航飞控系统,垂直陀螺,倾斜电位计327-219组件,分析飞参数据发现，该设备在横滚角为15°-20°时，出现毛刺，时长100ms,飞机在空中飞行时，垂直陀螺报故,倾斜电位计327-219组件故障,更换故障件,2,更换故障件,5
R899,899,导航飞控系统,右副翼舵机控制器,右副翼舵机控制器,产品外连插头螺母安装位置周围禁止布线区较小，导致平垫与印制板上余度2功率线之间间隙过小,飞机上电检测车操纵右副翼过程中，主通道工作正常，备通道操纵舵面不动，报余度2模型监控故障,平垫在安装时向靠近功率线的方向偏心，平垫边缘会与印制线搭接造成余度2功率线与壳边短路，保险丝熔断报故,在平垫边缘会与印制线间增加绝缘垫片,3,维修(无需更换）,5
R900,900,导航飞控系统,垂直陀螺,安装支架连接螺杆,垂直陀螺安装支架右前脚连接螺杆断裂,垂直陀螺安装支架右前脚连接螺杆断裂,安装问题,更换故障件,2,更换故障件,5
R901,901,导航飞控系统,角速率陀螺,B通道陀螺电机,B通道陀螺电机堵转,地面联试发现角速率陀螺俯仰角输出无变化,B通道陀螺电机堵转,更换故障件,2,更换故障件,5
R902,902,导航飞控系统,飞控计算机,离散输出驱动板光耦,离散输出驱动板光耦失效,飞机通电，操作左刹车时，刹车压力始终为零，刹车控制器无动作,离散输出驱动板光耦失效，造成刹车信号输出异常,更换故障件,2,更换故障件,5
R903,903,导航飞控系统,左升降舵/方向舵控制盒,左升降舵/方向舵控制盒,转接板外连插头螺母安装位置周围的禁止布线区偏小，导致平垫与印制板上余度2功率线之间间隙过小,飞机加电，舵机控制盒报余度2监控故障，且控制不了舵面,平垫安装时向靠近功率线的方向偏心，平垫边缘会与印制线搭接，造成余度2功率线与壳体短路，从而过流将备通道保险丝熔断,在平垫与功率线之间增加绝缘垫片,3,维修(无需更换）,5
R904,904,导航飞控系统,右副翼舵机控制器,,转接板外连插头安装平垫和余度2功率线搭接,飞机加电，调零舵面时，控制盒报余度2 DSP模型故障，余度2可用手轻易扳动舵面，余度1正常,转接板外连插头安装平垫和余度2功率线搭接，造成信号短路，从而将备余度2保险丝烧断造成,在平垫与功率线之间增加绝缘垫片,3,维修(无需更换）,5
R910,910,导航飞控系统,惯性导航部件,惯性平台,惯性平台内存在水汽,飞行32小时后，惯导报“惯导位置速度超差”，着陆时航向偏差达25°,惯性平台存在水汽造成施钜回路绝缘性能降低，引起信号串扰，接触电阻变大，施距回路工作异常，造成平台偏离，偏离航向，加之输出异常,更换导电环等接插件，对平台重新进行了密封处理,2,更换故障件,5
R911,911,导航飞控系统,大气数据计算机,接管嘴滤网；全压振动筒,全压接管嘴滤网被黑色胶体基本堵死,在联试过程中大气数据计算机不显示数据并闪红报故,指示空速是经全压计算机得出，判断全压振动筒内部已受污染失效,清洁接管嘴滤网，更换全压振动筒,2,更换故障件,5
R912,912,导航飞控系统,垂直陀螺,接触点组件,接触点组件脱落,垂直陀螺C-11指示灯“显示报红”故障，多次检查故障依然存在,接触点组件（327-821）脱落，造成陀螺马达A、B、C三相开路，马达无法启动，陀螺报故,粘接接触点组件，重新调整性能,3,维修(无需更换）,5
R913,913,导航飞控系统,左升降舵机；右升降舵机,行星减速器与升降舵齿轮连接键,舵机内行星减速器与升降舵齿轮I的连接键由于长时间使用造成磨损,在联试过程中，左、右升降舵机发抖,舵机内行星减速器与升降舵齿轮的连接键由于长时间使用造成磨损，从而导致舵机间隙增大，在零位时，与机上舵面间隙，重量耦合，引起飞机地面检测时升降舵抖动,更换新的连接键,2,更换故障件,5
R914,914,导航飞控系统,右升降舵机,行星减速器与升降舵齿轮连接键,舵机内行星减速器与升降舵齿轮I的连接键由于长时间使用造成磨损,在联试过程中，右升降舵机发抖,舵机内行星减速器与升降舵齿轮的连接键由于长时间使用造成磨损，从而导致舵机间隙增大，在零位时，与机上舵面间隙，重量耦合，引起飞机地面检测时升降舵抖动,更换新的连接键,2,更换故障件,5
R915,915,导航飞控系统,惯导,26V/400Hz电源入口滤波器,惯导交流电输入端26V地线对地断开，将主控盒交、直流供地点烧断,地面检测时，惯导姿态角异常,机上26V/400Hz高端对直流地线存在短路，烧毁26V/400Hz电源入口滤波器,更换故障件,2,更换故障件,5
R917,917,导航飞控系统,大气数据计算机,软件,软件对参数修正的判读,通电检查时，综合检测计算机显示大气机指示灯闪红报故，大气机工作不正常,软件对参数修正的判读造成报故,升级软件,2,软件,5
R918,918,导航飞控系统,垂直陀螺,地板组件,减震器支架一根螺柱受外力弯曲，俯仰柜架间隙变大,2号垂直陀螺横滚角30°修至20°用时1小时，且俯仰角指示灯显示红色报故,陀螺受外力冲击，造成减震器支架弯曲，外力过大，造成框架间隙变化，框架转动不灵活,更换地板组件，重新调整各框架间隙,2,更换故障件,5
R921,921,导航飞控系统,垂直陀螺,液体开关组件,地检车检查发现2号垂直陀螺一直工作状态良好，故障未复现。1号垂直陀螺上电后“马达”绿，“启动”红，汇流条反复并网，陀螺自检，现象一直不变。通过按压飞机尾撑调整飞机姿态，速率陀螺工作良好，说明给陀螺供电的交流电正常。地检车下电停止检查一段时间后，再上电检查，1号垂直陀螺“马达”绿，“启动”红，慢慢修正一段时间后，“启动”变绿。通电检查，倾斜无法正常修飞，分解产品检查液体开关324-258工作性能不符合要求,起飞爬升约1000米高度，1号垂直陀螺报故，继续飞行几小时后，2号垂直陀螺报故，返航至落地过程中2个垂直陀螺一直处于报故状态,液体开关324-258工作性能不符合要求，造成倾斜修飞不正常,更换故障件,2,更换故障件,5
R922,922,导航飞控系统,速率陀螺,陀螺电机,C通道倾斜陀螺无输出，陀螺电机堵转，分解故障陀螺，发现陀螺电机轴承保持器掉渣,速率陀螺空中报一次故障，直至着陆,陀螺电机轴承保持器掉渣，残渣进入轴承，增大了摩擦力，从而导致轴承失效所致,更换故障件,2,更换故障件,5
R923,923,导航飞控系统,角速率陀螺,C通道倾斜陀螺,C通道倾斜陀螺电机声音异常，分解故障陀螺，发现陀螺电机轴承保持器掉渣,起飞时角速率陀螺报一次故障,C通道倾斜陀螺电机轴承保持器掉渣，残渣进入轴承滤道，增大了摩擦了，从而造成陀螺电机声音异常,更换故障件,2,更换故障件,5
R924,924,导航飞控系统,无线电高度表 ,场效应管2N4393,地面通电检查，两个无线电高度表度数值均为2.3左右，数值正常，然后用手分别在两个无线电高度表天线外来回晃动，高度表数值显示均正常,飞机起飞离地时，高度从10米跳变0； 转滚转改平段2秒后，无线电高度表显示高度值为0，持续至飞机接地,场效应管2N4393存在制造缺陷发生失效，引起低放电路在输入50KHz中频信号时产生异常的25KHz，导致高度表产品高度跳变,更换故障件,2,更换故障件,5
R925,925,导航飞控系统,惯导,陀螺,系统中陀螺性能超标,空中报惯导位置、速度超差，航姿无效,系统中陀螺性能超标，导致位置速度误差变大,更换故障件,2,更换故障件,5
R928,928,飞行器平台,飞行器平台,中后地板嵌入件,中后地板上发电机控制器左侧2个嵌入件装偏约2mm,中后地板上发电机控制器左侧2个嵌入件装偏约2mm,制造问题,更换故障件,2,更换故障件,6
R928,928,飞行器平台,飞行器平台,中间蒙皮C上天线,6-7框间中间蒙皮C上天线未开安装孔，未安装衬套,6-7框间中间蒙皮C上天线未开安装孔，未安装衬套,制造问题,依照图纸进行修理,3,维修(无需更换）,6
R928,928,飞行器平台,飞行器平台,右后地板单相变嵌入件,右后地板上单相变的4个嵌入件未安装,右后地板上单相变的4个嵌入件未安装,制造问题,依照图纸进行修理,3,维修(无需更换）,6
R929,929,飞行器平台,飞行器平台,中后地板嵌入件,中后地板上发电机控制器左侧2个嵌入件装偏约2mm,中后地板上发电机控制器左侧2个嵌入件装偏约2mm,制造问题,更换故障件,2,更换故障件,6
R929,929,飞行器平台,飞行器平台,中间蒙皮C上天线,6-7框间中间蒙皮C上天线未开安装孔，未安装衬套,6-7框间中间蒙皮C上天线未开安装孔，未安装衬套,制造问题,依照图纸进行修理,3,维修(无需更换）,6
R929,929,飞行器平台,飞行器平台,右后地板单相变嵌入件,右后地板上单相变的4个嵌入件未安装,右后地板上单相变的4个嵌入件未安装,制造问题,依照图纸进行修理,3,维修(无需更换）,6
R930,930,飞行器平台,飞行器平台,中后地板嵌入件,中后地板上发电机控制器左侧2个嵌入件装偏约2mm,中后地板上发电机控制器左侧2个嵌入件装偏约2mm,制造问题,更换故障件,2,更换故障件,6
R930,930,飞行器平台,飞行器平台,右后地板单相变嵌入件,右后地板上单相变的4个嵌入件未安装,右后地板上单相变的4个嵌入件未安装,制造问题,依照图纸进行修理,3,维修(无需更换）,6
R931,931,飞行器平台,飞行器平台,中后地板嵌入件,中后地板上发电机控制器左侧2个嵌入件装偏约2mm,中后地板上发电机控制器左侧2个嵌入件装偏约2mm,制造问题,更换故障件,2,更换故障件,6
R931,931,飞行器平台,飞行器平台,右后地板单相变嵌入件,右后地板上单相变的4个嵌入件未安装,右后地板上单相变的4个嵌入件未安装,制造问题,依照图纸进行修理,3,维修(无需更换）,6
R932,932,飞行器平台,飞行器平台,中后地板嵌入件,中后地板上发电机控制器左侧2个嵌入件装偏约2mm,中后地板上发电机控制器左侧2个嵌入件装偏约2mm,制造问题,更换故障件,2,更换故障件,6
R932,932,飞行器平台,飞行器平台,中间蒙皮C上天线,6-7框间中间蒙皮C上天线未开安装孔，未安装衬套,6-7框间中间蒙皮C上天线未开安装孔，未安装衬套,制造问题,依照图纸进行修理,3,维修(无需更换）,6
R933,933,飞行器平台,飞行器平台,中后地板嵌入件,中后地板上发电机控制器左侧2个嵌入件装偏约2mm,中后地板上发电机控制器左侧2个嵌入件装偏约2mm,制造问题,更换故障件,2,更换故障件,6
R933,933,飞行器平台,飞行器平台,左机翼的搭铁带；右机翼的搭铁带,左、右机翼的搭铁带松动，搭铁带端头的开孔尺寸偏大,左、右机翼的搭铁带松动，搭铁带端头的开孔尺寸偏大,制造问题,更换搭铁带,2,更换故障件,6
R934,934,飞行器平台,飞行器平台,中后地板嵌入件,中后地板上发电机控制器左侧2个嵌入件装偏约2mm,中后地板上发电机控制器左侧2个嵌入件装偏约2mm,制造问题,更换故障件,2,更换故障件,6
R935,935,飞行器平台,飞行器平台,通风盒通风管开孔；惯导托架开孔；5号地板开孔,通风盒通风管、惯导托架开孔以及5号地板上对应开孔，三者不同轴,通风盒通风管、惯导托架开孔以及5号地板上对应开孔，三者不同轴,制造问题,依照图纸进行修理,3,维修(无需更换）,6
R935,935,飞行器平台,飞行器平台,上蒙皮差分GPS天线安装孔,机身上蒙皮的差分GPS天线安装孔后移约3mm,机身上蒙皮的差分GPS天线安装孔后移约3mm,制造问题,依照图纸进行修理,3,维修(无需更换）,6
R935,935,飞行器平台,飞行器平台,框腹板和右纵梁相连接铆钉,1框腹板上的大气机（右），与框腹板和右纵梁相连接的铆钉干涉,1框腹板上的大气机（右），与框腹板和右纵梁相连接的铆钉干涉,制造问题,依照图纸进行修理,3,维修(无需更换）,6
R935,935,飞行器平台,飞行器平台,空速管加温开关的销孔,空速管加温开关的销孔开偏，需补孔并重新开孔,空速管加温开关的销孔开偏，需补孔并重新开孔,制造问题,依照图纸进行修理,3,维修(无需更换）,6
R935,935,飞行器平台,飞行器平台,发电机控制器左侧安装孔,发电机控制器的左侧2个安装孔错位,发电机控制器的左侧2个安装孔错位,制造问题,依照图纸进行修理,3,维修(无需更换）,6
R935,935,飞行器平台,飞行器平台,托板螺母,机翼翼根处，与机身对接的上、下翼面缘条上有托板螺母脱落,机翼翼根处，与机身对接的上、下翼面缘条上有托板螺母脱落,制造问题,依照图纸进行修理,2,维修(无需更换）,6
R935,935,飞行器平台,飞行器平台,左机翼,左机翼2处已松动,左机翼2处已松动,制造问题,依照图纸进行修理,3,维修(无需更换）,6
R935,935,飞行器平台,飞行器平台,弹垫,弹垫拧紧后发生断裂,弹垫拧紧后发生断裂,制造问题,更换故障件,2,更换故障件,6
R936,936,飞行器平台,飞行器平台,通风盒通风管开孔；惯导托架开孔；5号地板开孔,通风盒通风管、惯导托架开孔以及5号地板上对应开孔，三者不同轴,通风盒通风管、惯导托架开孔以及5号地板上对应开孔，三者不同轴,制造问题,依照图纸进行修理,3,维修(无需更换）,6
R936,936,飞行器平台,飞行器平台,机身上蒙皮的差分GPS天线安装孔,机身上蒙皮的差分GPS天线安装孔位置后移约1mm，与蒙皮斜边干涉，无法与蒙皮安装面贴合,机身上蒙皮的差分GPS天线安装孔位置后移约1mm，与蒙皮斜边干涉，无法与蒙皮安装面贴合,制造问题,依照图纸进行修理,3,维修(无需更换）,6
R936,936,飞行器平台,飞行器平台,弹垫,弹垫拧紧后发生断裂,弹垫拧紧后发生断裂,制造问题,更换故障件,2,更换故障件,6
R937,937,飞行器平台,飞行器平台,通风盒通风管开孔；惯导托架开孔；5号地板开孔,通风盒通风管、惯导托架开孔以及5号地板上对应开孔，三者不同轴,通风盒通风管、惯导托架开孔以及5号地板上对应开孔，三者不同轴,制造问题,依照图纸进行修理,3,维修(无需更换）,6
R937,937,飞行器平台,飞行器平台,机身上蒙皮的差分GPS天线安装孔,机身上蒙皮的差分GPS天线安装孔位置后移约1mm，与蒙皮斜边干涉，无法与蒙皮安装面贴合,机身上蒙皮的差分GPS天线安装孔位置后移约1mm，与蒙皮斜边干涉，无法与蒙皮安装面贴合,制造问题,依照图纸进行修理,3,维修(无需更换）,6
R937,937,飞行器平台,飞行器平台,弹垫,弹垫拧紧后发生断裂,弹垫拧紧后发生断裂,制造问题,更换故障件,2,更换故障件,6
R938,938,飞行器平台,飞行器平台,通风盒通风管开孔；惯导托架开孔；5号地板开孔,通风盒通风管、惯导托架开孔以及5号地板上对应开孔，三者不同轴,通风盒通风管、惯导托架开孔以及5号地板上对应开孔，三者不同轴,制造问题,依照图纸进行修理,3,维修(无需更换）,6
R938,938,飞行器平台,飞行器平台,机身上蒙皮的差分GPS天线安装孔,身上蒙皮的差分GPS天线安装孔后移约3mm,身上蒙皮的差分GPS天线安装孔后移约3mm,制造问题,依照图纸进行修理,3,维修(无需更换）,6
R938,938,飞行器平台,飞行器平台,空速管加温开关的销孔,空速管加温开关的销孔开偏，需补孔并重新开孔,空速管加温开关的销孔开偏，需补孔并重新开孔,制造问题,依照图纸进行修理,3,维修(无需更换）,6
R938,938,飞行器平台,飞行器平台,托板螺母,机翼翼根处，与机身对接的上、下翼面缘条上有托板螺母脱落,机翼翼根处，与机身对接的上、下翼面缘条上有托板螺母脱落,制造问题,依照图纸进行修理,2,维修(无需更换）,6
R938,938,飞行器平台,飞行器平台,弹垫,弹垫拧紧后发生断裂,弹垫拧紧后发生断裂,制造问题,更换故障件,2,更换故障件,6
R939,939,飞行器平台,飞行器平台,通风盒通风管开孔；惯导托架开孔；5号地板开孔,通风盒通风管、惯导托架开孔以及5号地板上对应开孔，三者不同轴,通风盒通风管、惯导托架开孔以及5号地板上对应开孔，三者不同轴,制造问题,依照图纸进行修理,3,维修(无需更换）,6
R939,939,飞行器平台,飞行器平台,机身上蒙皮的差分GPS天线安装孔,机身上蒙皮的差分GPS天线安装孔位置后移约1mm，与蒙皮斜边干涉，无法与蒙皮安装面贴合,机身上蒙皮的差分GPS天线安装孔位置后移约1mm，与蒙皮斜边干涉，无法与蒙皮安装面贴合,制造问题,依照图纸进行修理,3,维修(无需更换）,6
R939,939,飞行器平台,飞行器平台,托板螺母,左机翼襟翼舵机的右下托板螺母出现螺纹滑扣，已安装的螺钉无法拆卸，须更换此螺母,左机翼襟翼舵机的右下托板螺母出现螺纹滑扣，已安装的螺钉无法拆卸，须更换此螺母,制造问题,依照图纸进行修理,2,维修(无需更换）,6
R939,939,飞行器平台,飞行器平台,托板螺母,机翼翼根处，与机身对接的上、下翼面缘条上有托板螺母脱落,机翼翼根处，与机身对接的上、下翼面缘条上有托板螺母脱落,制造问题,依照图纸进行修理,2,维修(无需更换）,6
R939,939,飞行器平台,飞行器平台,左机翼,左机翼1处已松动,左机翼1处已松动,制造问题,依照图纸进行修理,3,维修(无需更换）,6
R939,939,飞行器平台,飞行器平台,弹垫,弹垫拧紧后发生断裂,弹垫拧紧后发生断裂,制造问题,更换故障件,2,更换故障件,6
R940,940,飞行器平台,飞行器平台,通风盒通风管开孔；惯导托架开孔；5号地板开孔,通风盒通风管、惯导托架开孔以及5号地板上对应开孔，三者不同轴,通风盒通风管、惯导托架开孔以及5号地板上对应开孔，三者不同轴,制造问题,依照图纸进行修理,3,维修(无需更换）,6
R940,940,飞行器平台,飞行器平台,机身上蒙皮的差分GPS天线安装孔,机身上蒙皮的差分GPS天线安装孔后移约3mm,机身上蒙皮的差分GPS天线安装孔后移约3mm,制造问题,依照图纸进行修理,3,维修(无需更换）,6
R940,940,飞行器平台,飞行器平台,发电机控制器安装孔,发电机控制器的左侧2个安装孔错位,发电机控制器的左侧2个安装孔错位,制造问题,依照图纸进行修理,3,维修(无需更换）,6
R940,940,飞行器平台,飞行器平台,托板螺母,机翼翼根处，与机身对接的上、下翼面缘条上有托板螺母脱落,机翼翼根处，与机身对接的上、下翼面缘条上有托板螺母脱落,制造问题,依照图纸进行修理,2,维修(无需更换）,6
R940,940,飞行器平台,飞行器平台,左机翼搭铁带,左机翼2个搭铁带已松动,左机翼2个搭铁带已松动,制造问题,依照图纸进行修理,3,维修(无需更换）,6
R940,940,飞行器平台,飞行器平台,弹垫,弹垫拧紧后发生断裂,弹垫拧紧后发生断裂,制造问题,更换故障件,2,更换故障件,6
R941,941,飞行器平台,飞行器平台,通风盒通风管开孔；惯导托架开孔；5号地板开孔,通风盒通风管、惯导托架开孔以及5号地板上对应开孔，三者不同轴,通风盒通风管、惯导托架开孔以及5号地板上对应开孔，三者不同轴,制造问题,依照图纸进行修理,3,维修(无需更换）,6
R941,941,飞行器平台,飞行器平台,机身上蒙皮的差分GPS天线安装孔,机身上蒙皮的差分GPS天线安装孔位置后移约1mm，与蒙皮斜边干涉，无法与蒙皮安装面贴合,机身上蒙皮的差分GPS天线安装孔位置后移约1mm，与蒙皮斜边干涉，无法与蒙皮安装面贴合,制造问题,依照图纸进行修理,3,维修(无需更换）,6
R941,941,飞行器平台,飞行器平台,托板螺母,机翼翼根处，与机身对接的上、下翼面缘条上有托板螺母脱落,机翼翼根处，与机身对接的上、下翼面缘条上有托板螺母脱落,制造问题,依照图纸进行修理,2,维修(无需更换）,6
R941,941,飞行器平台,飞行器平台,左机翼,左机翼1处已松动,左机翼1处已松动,制造问题,依照图纸进行修理,3,维修(无需更换）,6
R941,941,飞行器平台,飞行器平台,弹垫,弹垫拧紧后发生断裂,弹垫拧紧后发生断裂,制造问题,更换故障件,2,更换故障件,6
R942,942,飞行器平台,飞行器平台,嵌入件,5号地板上惯导托架与通风盒的安装不协调，需调整惯导托架或通风盒的嵌入件安装位置,5号地板上惯导托架与通风盒的安装不协调，需调整惯导托架或通风盒的嵌入件安装位置,制造问题,依照图纸进行修理,3,维修(无需更换）,6
R942,942,飞行器平台,飞行器平台,弹垫,弹垫拧紧后发生断裂,弹垫拧紧后发生断裂,制造问题,更换故障件,2,更换故障件,6
R943,943,飞行器平台,飞行器平台,嵌入件,5号地板上惯导托架与通风盒的安装不协调，需调整惯导托架或通风盒的嵌入件安装位置,5号地板上惯导托架与通风盒的安装不协调，需调整惯导托架或通风盒的嵌入件安装位置,制造问题,依照图纸进行修理,3,维修(无需更换）,6
R943,943,飞行器平台,飞行器平台,弹垫,弹垫拧紧后发生断裂,弹垫拧紧后发生断裂,制造问题,更换故障件,2,更换故障件,6
R944,944,飞行器平台,飞行器平台,嵌入件,5号地板上惯导托架与通风盒的安装不协调，需调整惯导托架或通风盒的嵌入件安装位置,5号地板上惯导托架与通风盒的安装不协调，需调整惯导托架或通风盒的嵌入件安装位置,制造问题,依照图纸进行修理,3,维修(无需更换）,6
R944,944,飞行器平台,飞行器平台,嵌入件,油箱地板上蓄电池支架的3个嵌入件未安装,油箱地板上蓄电池支架的3个嵌入件未安装,制造问题,依照图纸进行修理,3,维修(无需更换）,6
R944,944,飞行器平台,飞行器平台,弹垫,弹垫拧紧后发生断裂,弹垫拧紧后发生断裂,制造问题,更换故障件,2,更换故障件,6
R945,945,飞行器平台,飞行器平台,嵌入件,5号地板上惯导托架与通风盒的安装不协调，需调整惯导托架或通风盒的嵌入件安装位置,5号地板上惯导托架与通风盒的安装不协调，需调整惯导托架或通风盒的嵌入件安装位置,制造问题,依照图纸进行修理,3,维修(无需更换）,6
R945,945,飞行器平台,飞行器平台,嵌入件,油箱地板上蓄电池支架的3个嵌入件未安装,油箱地板上蓄电池支架的3个嵌入件未安装,制造问题,依照图纸进行修理,2,维修(无需更换）,6
R945,945,飞行器平台,飞行器平台,弹垫,弹垫拧紧后发生断裂,弹垫拧紧后发生断裂,制造问题,更换故障件,2,更换故障件,6
R946,946,飞行器平台,飞行器平台,嵌入件,5号地板上惯导托架与通风盒的安装不协调，需调整惯导托架或通风盒的嵌入件安装位置,5号地板上惯导托架与通风盒的安装不协调，需调整惯导托架或通风盒的嵌入件安装位置,制造问题,依照图纸进行修理,3,维修(无需更换）,6
R946,946,飞行器平台,飞行器平台,弹垫,弹垫拧紧后发生断裂,弹垫拧紧后发生断裂,制造问题,更换故障件,2,更换故障件,6
R947,947,飞行器平台,飞行器平台,嵌入件,5号地板上惯导托架与通风盒的安装不协调，需调整惯导托架或通风盒的嵌入件安装位置,5号地板上惯导托架与通风盒的安装不协调，需调整惯导托架或通风盒的嵌入件安装位置,制造问题,依照图纸进行修理,3,维修(无需更换）,6
R947,947,飞行器平台,飞行器平台,弹垫,弹垫拧紧后发生断裂,弹垫拧紧后发生断裂,制造问题,更换故障件,2,更换故障件,6
R948,948,飞行器平台,飞行器平台,嵌入件,5号地板上惯导托架与通风盒的安装不协调，需调整惯导托架或通风盒的嵌入件安装位置,5号地板上惯导托架与通风盒的安装不协调，需调整惯导托架或通风盒的嵌入件安装位置,制造问题,依照图纸进行修理,3,维修(无需更换）,6
R948,948,飞行器平台,飞行器平台,弹垫,弹垫拧紧后发生断裂,弹垫拧紧后发生断裂,制造问题,更换故障件,2,更换故障件,6
R949,949,飞行器平台,飞行器平台,机身上蒙皮,机机身上蒙皮的差分GPS天线安装安装位置后移约2mm，需调整GPS天线的安装位置,机身上蒙皮的差分GPS天线安装安装位置后移约2mm，需调整GPS天线的安装位置,制造问题,依照图纸进行修理,3,维修(无需更换）,6
R949,949,飞行器平台,飞行器平台,1框腹板铆钉,1框腹板上的大气机与旁边的铆钉干涉,1框腹板上的大气机与旁边的铆钉干涉,制造问题,依照图纸进行修理,3,维修(无需更换）,6
R950,950,飞行器平台,飞行器平台,机身上蒙皮,机机身上蒙皮的差分GPS天线安装安装位置后移约2mm，需调整GPS天线的安装位置,机身上蒙皮的差分GPS天线安装安装位置后移约2mm，需调整GPS天线的安装位置,制造问题,依照图纸进行修理,3,维修(无需更换）,6
R950,950,飞行器平台,飞行器平台,1框腹板铆钉,1框腹板上的大气机与旁边的铆钉干涉,1框腹板上的大气机与旁边的铆钉干涉,制造问题,依照图纸进行修理,3,维修(无需更换）,6
R951,951,飞行器平台,飞行器平台,机身上蒙皮,机身上蒙皮的差分GPS天线安装安装位置后移约2mm，需调整GPS天线的安装位置,机身上蒙皮的差分GPS天线安装安装位置后移约2mm，需调整GPS天线的安装位置,制造问题,依照图纸进行修理,3,维修(无需更换）,6
R952,952,飞行器平台,飞行器平台,机身上蒙皮,机身上蒙皮的差分GPS天线安装安装位置后移约2mm，需调整GPS天线的安装位置,机身上蒙皮的差分GPS天线安装安装位置后移约2mm，需调整GPS天线的安装位置,制造问题,依照图纸进行修理,3,维修(无需更换）,6
R953,953,飞行器平台,飞行器平台,机身上蒙皮,机身上蒙皮的差分GPS天线安装安装位置后移约2mm，需调整GPS天线的安装位置,机身上蒙皮的差分GPS天线安装安装位置后移约2mm，需调整GPS天线的安装位置,制造问题,依照图纸进行修理,3,维修(无需更换）,6
R953,953,飞行器平台,飞行器平台,托板螺母,单相变的安装位置有误，需重铆托板螺母,单相变的安装位置有误，需重铆托板螺母,制造问题,依照图纸进行修理,3,维修(无需更换）,6
R954,954,飞行器平台,飞行器平台,机身上蒙皮,机身上蒙皮的差分GPS天线安装安装位置后移约2mm，需调整GPS天线的安装位置,机身上蒙皮的差分GPS天线安装安装位置后移约2mm，需调整GPS天线的安装位置,制造问题,依照图纸进行修理,3,维修(无需更换）,6
R954,954,飞行器平台,飞行器平台,托板螺母,单相变的安装位置有误，需重铆托板螺母,单相变的安装位置有误，需重铆托板螺母,制造问题,依照图纸进行修理,3,维修(无需更换）,6
R955,955,飞行器平台,飞行器平台,机身上蒙皮,机身上蒙皮的差分GPS天线安装安装位置后移约2mm，需调整GPS天线的安装位置,机身上蒙皮的差分GPS天线安装安装位置后移约2mm，需调整GPS天线的安装位置,制造问题,依照图纸进行修理,3,维修(无需更换）,6
R955,955,飞行器平台,飞行器平台,托板螺母,单相变的安装位置有误，需重铆托板螺母,单相变的安装位置有误，需重铆托板螺母,制造问题,依照图纸进行修理,3,维修(无需更换）,6
R956,956,飞行器平台,飞行器平台,机头罩,下盖与机头罩进行胶接,机头罩上用于安装前视摄像头玻璃片的上盖、下盖与空速管干涉,故障原因为下盖与机头罩进行胶接导致下盖无法拆卸,打磨机头罩上用于安装前视摄像头玻璃片的下盖以消除与空速管的干涉,3,维修(无需更换）,6
R957,957,飞行器平台,飞行器平台,机头罩,下盖与机头罩进行胶接,机头罩上用于安装前视摄像头玻璃片的上盖、下盖与空速管干涉,故障原因为下盖与机头罩进行胶接导致下盖无法拆卸,打磨机头罩上用于安装前视摄像头玻璃片的下盖以消除与空速管的干涉,3,维修(无需更换）,6
R958,958,飞行器平台,飞行器平台,机头罩,下盖与机头罩进行胶接,机头罩上用于安装前视摄像头玻璃片的上盖、下盖与空速管干涉,故障原因为下盖与机头罩进行胶接导致下盖无法拆卸,打磨机头罩上用于安装前视摄像头玻璃片的下盖以消除与空速管的干涉,3,维修(无需更换）,6
R959,959,飞行器平台,发动机,短舱下罩,短舱下罩密封条尺寸与图纸尺寸不符,短舱下罩密封条尺寸与图纸尺寸不符,新更换工人对图纸不熟悉,依照图纸进行修理,3,维修(无需更换）,6
R960,960,飞行器平台,发动机,短舱下罩,短舱下罩密封条尺寸与图纸尺寸不符,短舱下罩密封条尺寸与图纸尺寸不符,新更换工人对图纸不熟悉,依照图纸进行修理,3,维修(无需更换）,6
R961,961,飞行器平台,发动机,短舱下罩,短舱下罩密封条尺寸与图纸尺寸不符,短舱下罩密封条尺寸与图纸尺寸不符,新更换工人对图纸不熟悉,依照图纸进行修理,3,维修(无需更换）,6
R962,962,飞行器平台,发动机,短舱下罩,短舱下罩密封条尺寸与图纸尺寸不符,短舱下罩密封条尺寸与图纸尺寸不符,新更换工人对图纸不熟悉,依照图纸进行修理,3,维修(无需更换）,6
R963,963,飞行器平台,发动机,短舱下罩,短舱下罩密封条尺寸与图纸尺寸不符,短舱下罩密封条尺寸与图纸尺寸不符,新更换工人对图纸不熟悉,依照图纸进行修理,3,维修(无需更换）,6
R964,964,飞行器平台,发动机,短舱下罩,短舱下罩密封条尺寸与图纸尺寸不符,短舱下罩密封条尺寸与图纸尺寸不符,新更换工人对图纸不熟悉,依照图纸进行修理,3,维修(无需更换）,6
R965,965,飞行器平台,发动机,短舱下罩,短舱下罩密封条尺寸与图纸尺寸不符,短舱下罩密封条尺寸与图纸尺寸不符,新更换工人对图纸不熟悉,依照图纸进行修理,3,维修(无需更换）,6
R966,966,飞行器平台,飞行器平台,卫通链路功放电源组合支架左侧安装孔距,卫通链路功放电源组合安装时与惯导通风盒干涉，卫通链路功放电源组合支架左侧安装孔距与设计不符,卫通链路功放电源组合安装时与惯导通风盒干涉，卫通链路功放电源组合支架左侧安装孔距与设计不符,制造问题,依照图纸进行修理,3,维修(无需更换）,6
R966,966,飞行器平台,飞行器平台,左侧可拆卸蒙皮组件与机身连接处；右侧可拆卸蒙皮组件与机身连接处,左侧可拆卸蒙皮组件、右侧可拆卸蒙皮组件与机身连接处未涂装密封胶,左侧可拆卸蒙皮组件、右侧可拆卸蒙皮组件与机身连接处未涂装密封胶,制造问题,对左侧可拆卸蒙皮组件、右侧可拆卸蒙皮组件及机身连接处涂密封胶,3,维修(无需更换）,6
R967,967,飞行器平台,飞行器平台,卫通链路功放电源组合支架左侧安装孔距,卫通链路功放电源组合安装时与惯导通风盒干涉，卫通链路功放电源组合支架左侧安装孔距与设计不符,卫通链路功放电源组合安装时与惯导通风盒干涉，卫通链路功放电源组合支架左侧安装孔距与设计不符,制造问题,依照图纸进行修理,3,维修(无需更换）,6
R967,967,飞行器平台,飞行器平台,左侧可拆卸蒙皮组件与机身连接处；右侧可拆卸蒙皮组件与机身连接处,左侧可拆卸蒙皮组件、右侧可拆卸蒙皮组件与机身连接处未涂装密封胶,左侧可拆卸蒙皮组件、右侧可拆卸蒙皮组件与机身连接处未涂装密封胶,制造问题,对左侧可拆卸蒙皮组件、右侧可拆卸蒙皮组件及机身连接处涂密封胶,3,维修(无需更换）,6
R967,967,飞行器平台,飞行器平台,相机维护口盖,中罩位置处，相机维护口盖安装后与数码相机镜头干涉，相机维护口盖在后下罩安装反向,中罩位置处，相机维护口盖安装后与数码相机镜头干涉，相机维护口盖在后下罩安装反向,制造问题,依照图纸进行修理,3,维修(无需更换）,6
R968,968,飞行器平台,飞行器平台,左侧可拆卸蒙皮组件与机身连接处；右侧可拆卸蒙皮组件与机身连接处,左侧可拆卸蒙皮组件、右侧可拆卸蒙皮组件与机身连接处未涂装密封胶,左侧可拆卸蒙皮组件、右侧可拆卸蒙皮组件与机身连接处未涂装密封胶,制造问题,对左侧可拆卸蒙皮组件、右侧可拆卸蒙皮组件及机身连接处涂密封胶,3,维修(无需更换）,6
R969,969,飞行器平台,飞行器平台,卫通链路功放电源组合支架左侧安装孔距,卫通链路功放电源组合安装时与惯导通风盒干涉，卫通链路功放电源组合支架左侧安装孔距与设计不符,卫通链路功放电源组合安装时与惯导通风盒干涉，卫通链路功放电源组合支架左侧安装孔距与设计不符,制造问题,依照图纸进行修理,3,维修(无需更换）,6
R969,969,飞行器平台,飞行器平台,左侧可拆卸蒙皮组件与机身连接处；右侧可拆卸蒙皮组件与机身连接处,左侧可拆卸蒙皮组件、右侧可拆卸蒙皮组件与机身连接处未涂装密封胶,左侧可拆卸蒙皮组件、右侧可拆卸蒙皮组件与机身连接处未涂装密封胶,制造问题,对左侧可拆卸蒙皮组件、右侧可拆卸蒙皮组件及机身连接处涂密封胶,3,维修(无需更换）,6
R970,970,飞行器平台,飞行器平台,左侧可拆卸蒙皮组件与机身连接处；右侧可拆卸蒙皮组件与机身连接处,左侧可拆卸蒙皮组件、右侧可拆卸蒙皮组件与机身连接处未涂装密封胶,左侧可拆卸蒙皮组件、右侧可拆卸蒙皮组件与机身连接处未涂装密封胶,制造问题,对左侧可拆卸蒙皮组件、右侧可拆卸蒙皮组件及机身连接处涂密封胶,3,维修(无需更换）,6
R971,971,飞行器平台,飞行器平台,左侧可拆卸蒙皮组件与机身连接处；右侧可拆卸蒙皮组件与机身连接处,左侧可拆卸蒙皮组件、右侧可拆卸蒙皮组件与机身连接处未涂装密封胶,左侧可拆卸蒙皮组件、右侧可拆卸蒙皮组件与机身连接处未涂装密封胶,制造问题,对左侧可拆卸蒙皮组件、右侧可拆卸蒙皮组件及机身连接处涂密封胶,3,维修(无需更换）,6
R972,972,飞行器平台,飞行器平台,左侧可拆卸蒙皮组件与机身连接处；右侧可拆卸蒙皮组件与机身连接处,左侧可拆卸蒙皮组件、右侧可拆卸蒙皮组件与机身连接处未涂装密封胶,左侧可拆卸蒙皮组件、右侧可拆卸蒙皮组件与机身连接处未涂装密封胶,制造问题,对左侧可拆卸蒙皮组件、右侧可拆卸蒙皮组件及机身连接处涂密封胶,3,维修(无需更换）,6
R973,973,飞行器平台,飞行器平台,左侧可拆卸蒙皮组件与机身连接处；右侧可拆卸蒙皮组件与机身连接处,左侧可拆卸蒙皮组件、右侧可拆卸蒙皮组件与机身连接处未涂装密封胶,左侧可拆卸蒙皮组件、右侧可拆卸蒙皮组件与机身连接处未涂装密封胶,制造问题,对左侧可拆卸蒙皮组件、右侧可拆卸蒙皮组件及机身连接处涂密封胶,3,维修(无需更换）,6
R974,974,飞行器平台,飞行器平台,左侧可拆卸蒙皮组件与机身连接处；右侧可拆卸蒙皮组件与机身连接处,左侧可拆卸蒙皮组件、右侧可拆卸蒙皮组件与机身连接处未涂装密封胶,左侧可拆卸蒙皮组件、右侧可拆卸蒙皮组件与机身连接处未涂装密封胶,制造问题,对左侧可拆卸蒙皮组件、右侧可拆卸蒙皮组件及机身连接处涂密封胶,3,维修(无需更换）,6
R975,975,飞行器平台,飞行器平台,左侧可拆卸蒙皮组件与机身连接处；右侧可拆卸蒙皮组件与机身连接处,左侧可拆卸蒙皮组件、右侧可拆卸蒙皮组件与机身连接处未涂装密封胶,左侧可拆卸蒙皮组件、右侧可拆卸蒙皮组件与机身连接处未涂装密封胶,制造问题,对左侧可拆卸蒙皮组件、右侧可拆卸蒙皮组件及机身连接处涂密封胶,3,维修(无需更换）,6
R976,976,飞行器平台,飞行器平台,右方向舵,右方向舵可上下窜动,右方向舵可上下窜动，窜动间隙在1.5mm左右,制造问题,拆卸方向舵，在上轴座接头与VG8轴承间隙处增加垫圈,3,维修(无需更换）,6
R976,976,飞行器平台,飞行器平台,左侧可拆卸蒙皮组件与机身连接处；右侧可拆卸蒙皮组件与机身连接处,左侧可拆卸蒙皮组件、右侧可拆卸蒙皮组件与机身连接处未涂装密封胶,左侧可拆卸蒙皮组件、右侧可拆卸蒙皮组件与机身连接处未涂装密封胶,制造问题,对左侧可拆卸蒙皮组件、右侧可拆卸蒙皮组件及机身连接处涂密封胶,3,维修(无需更换）,6
R977,977,飞行器平台,发电机,连接轴套,发动机测绘过程中选择基准点位置时出现了差错,发动机在装机过程中，发电机连接轴套与联轴器的同轴度不合格,发动机测绘过程中选择基准点位置时出现了差错，导致测绘出的发动机安装点坐标值出现了偏差,重新测绘后装配,3,维修(无需更换）,6
R980,980,飞行器平台,空气冷却风罩,空气冷却风罩,装机过程中发现空气冷却风罩未开孔,装机过程中发现空气冷却风罩未开孔，无法装机使用,制造问题,依照图纸进行修理,3,维修(无需更换）,6
R981,981,飞行器平台,空气冷却风罩,空气冷却风罩,装机过程中发现空气冷却风罩未开孔,装机过程中发现空气冷却风罩未开孔，无法装机使用,制造问题,依照图纸进行修理,3,维修(无需更换）,6
R982,982,飞行器平台,空气冷却风罩,空气冷却风罩,装机过程中发现空气冷却风罩未开孔,装机过程中发现空气冷却风罩未开孔，无法装机使用,制造问题,依照图纸进行修理,3,维修(无需更换）,6
R983,983,飞行器平台,发动机短,短舱上罩,发动机短舱上罩外部撕裂,发动机短舱上罩外部撕裂,制造质量,对故障件进行修理,3,维修(无需更换）,6
R984,984,飞行器平台,飞行器平台,机翼舵面上的轴承；尾翼舵面上的轴承,机翼、尾翼舵面上的轴承均未涂润滑脂,机翼、尾翼舵面上的轴承已部分发生锈蚀,NA,已发生锈蚀的零件，去除表面油污，打磨表面，涂抹润滑脂,3,维修(无需更换）,6
R985,985,飞行器平台,飞行器平台,机翼舵面上的轴承；尾翼舵面上的轴承,机翼、尾翼舵面上的轴承均未涂润滑脂,机翼、尾翼舵面上的轴承已部分发生锈蚀,NA,已发生锈蚀的零件，去除表面油污，打磨表面，涂抹润滑脂,3,维修(无需更换）,6
R986,986,飞行器平台,飞行器平台,机翼舵面上的轴承；尾翼舵面上的轴承,机翼、尾翼舵面上的轴承均未涂润滑脂,机翼、尾翼舵面上的轴承已部分发生锈蚀,NA,已发生锈蚀的零件，去除表面油污，打磨表面，涂抹润滑脂,3,维修(无需更换）,6
R987,987,飞行器平台,飞行器平台,机翼舵面上的轴承；尾翼舵面上的轴承,机翼、尾翼舵面上的轴承均未涂润滑脂,机翼、尾翼舵面上的轴承已部分发生锈蚀,NA,已发生锈蚀的零件，去除表面油污，打磨表面，涂抹润滑脂,3,维修(无需更换）,6
R988,988,飞行器平台,飞行器平台,机翼舵面上的轴承；尾翼舵面上的轴承,机翼、尾翼舵面上的轴承均未涂润滑脂,机翼、尾翼舵面上的轴承已部分发生锈蚀,NA,已发生锈蚀的零件，去除表面油污，打磨表面，涂抹润滑脂,3,维修(无需更换）,6
R989,989,飞行器平台,飞行器平台,机翼舵面上的轴承；尾翼舵面上的轴承,机翼、尾翼舵面上的轴承均未涂润滑脂,机翼、尾翼舵面上的轴承已部分发生锈蚀,NA,已发生锈蚀的零件，去除表面油污，打磨表面，涂抹润滑脂,3,维修(无需更换）,6
R990,990,飞行器平台,飞行器平台,机翼舵面上的轴承；尾翼舵面上的轴承,机翼、尾翼舵面上的轴承均未涂润滑脂,机翼、尾翼舵面上的轴承已部分发生锈蚀,NA,已发生锈蚀的零件，去除表面油污，打磨表面，涂抹润滑脂,3,维修(无需更换）,6
R991,991,飞行器平台,飞行器平台,相机维护口盖,中罩位置处，相机维护口盖安装后与数码相机镜头干涉，设备无法正常安装,中罩位置处，相机维护口盖安装后与数码相机镜头干涉，设备无法正常安装,制造质量,打磨相机维护口盖，消除相机维护口盖与数码相机镜头的干涉,3,维修(无需更换）,6
R992,992,飞行器平台,飞行器平台,相机维护口盖,中罩位置处，相机维护口盖安装后与数码相机镜头干涉，设备无法正常安装,中罩位置处，相机维护口盖安装后与数码相机镜头干涉，设备无法正常安装,制造质量,打磨相机维护口盖，消除相机维护口盖与数码相机镜头的干涉,3,维修(无需更换）,6
R993,993,飞行器平台,飞行器平台,相机维护口盖,中罩位置处，相机维护口盖安装后与数码相机镜头干涉，设备无法正常安装,中罩位置处，相机维护口盖安装后与数码相机镜头干涉，设备无法正常安装,制造质量,打磨相机维护口盖，消除相机维护口盖与数码相机镜头的干涉,3,维修(无需更换）,6
R994,994,飞行器平台,飞行器平台,数码相机嵌入件,数码相机的安装位置有偏移，影响设备正常安装,数码相机的安装位置有偏移，影响设备正常安装,NA,重新安装用于安装数码相机的嵌入件,3,维修(无需更换）,6
R995,995,飞行器平台,飞行器平台,数码相机嵌入件,数码相机的安装位置有偏移，影响设备正常安装,数码相机的安装位置有偏移，影响设备正常安装,NA,重新安装用于安装数码相机的嵌入件,3,维修(无需更换）,6
R996,996,飞行器平台,散热器,支架,支架上部横梁焊接位置偏下,散热器支架滑油散热器端的两个横梁的间距尺寸与图纸不符，导致滑油散热器无法安装到位,支架上部横梁焊接位置偏下，导致横梁上焊接的短杆位置偏下，使滑油散热器无法安装到位,维修故障件,3,维修(无需更换）,6
R997,997,飞行器平台,散热器,支架,支架上部横梁焊接位置偏下,散热器支架滑油散热器端的两个横梁的间距尺寸与图纸不符，导致滑油散热器无法安装到位,支架上部横梁焊接位置偏下，导致横梁上焊接的短杆位置偏下，使滑油散热器无法安装到位,维修故障件,3,维修(无需更换）,6
R998,998,飞行器平台,冷却风罩,冷却风罩,冷却风罩均无法将发动机散热片完全覆盖，冷却风罩下端缺少包裹翻边,冷却风罩均无法将发动机散热片完全覆盖，冷却风罩下端缺少包裹翻边，导致发动机在空中飞行过程中散热效果受到影响,产品制造质量问题,重新制造工装，用新的工装制造冷却风罩,1,重新制造工装,6
R999,999,飞行器平台,冷却风罩,冷却风罩,冷却风罩均无法将发动机散热片完全覆盖，冷却风罩下端缺少包裹翻边,冷却风罩均无法将发动机散热片完全覆盖，冷却风罩下端缺少包裹翻边，导致发动机在空中飞行过程中散热效果受到影响,产品制造质量问题,重新制造工装，用新的工装制造冷却风罩,1,重新制造工装,6
R1000,1000,飞行器平台,冷却风罩,冷却风罩,冷却风罩均无法将发动机散热片完全覆盖，冷却风罩下端缺少包裹翻边,冷却风罩均无法将发动机散热片完全覆盖，冷却风罩下端缺少包裹翻边，导致发动机在空中飞行过程中散热效果受到影响,产品制造质量问题,重新制造工装，用新的工装制造冷却风罩,1,重新制造工装,6
R1001,1001,飞行器平台,冷却风罩,冷却风罩,冷却风罩均无法将发动机散热片完全覆盖，冷却风罩下端缺少包裹翻边,冷却风罩均无法将发动机散热片完全覆盖，冷却风罩下端缺少包裹翻边，导致发动机在空中飞行过程中散热效果受到影响,产品制造质量问题,重新制造工装，用新的工装制造冷却风罩,1,重新制造工装,6
R1002,1002,飞行器平台,冷却风罩,冷却风罩,冷却风罩均无法将发动机散热片完全覆盖，冷却风罩下端缺少包裹翻边,冷却风罩均无法将发动机散热片完全覆盖，冷却风罩下端缺少包裹翻边，导致发动机在空中飞行过程中散热效果受到影响,产品制造质量问题,重新制造工装，用新的工装制造冷却风罩,1,重新制造工装,6
R1003,1003,飞行器平台,冷却风罩,冷却风罩,冷却风罩均无法将发动机散热片完全覆盖，冷却风罩下端缺少包裹翻边,冷却风罩均无法将发动机散热片完全覆盖，冷却风罩下端缺少包裹翻边，导致发动机在空中飞行过程中散热效果受到影响,产品制造质量问题,重新制造工装，用新的工装制造冷却风罩,1,重新制造工装,6
R1004,1004,飞行器平台,冷却风罩,冷却风罩,冷却风罩均无法将发动机散热片完全覆盖，冷却风罩下端缺少包裹翻边,冷却风罩均无法将发动机散热片完全覆盖，冷却风罩下端缺少包裹翻边，导致发动机在空中飞行过程中散热效果受到影响,产品制造质量问题,重新制造工装，用新的工装制造冷却风罩,1,重新制造工装,6
R1005,1005,飞行器平台,冷却风罩,冷却风罩,冷却风罩均无法将发动机散热片完全覆盖，冷却风罩下端缺少包裹翻边,冷却风罩均无法将发动机散热片完全覆盖，冷却风罩下端缺少包裹翻边，导致发动机在空中飞行过程中散热效果受到影响,产品制造质量问题,重新制造工装，用新的工装制造冷却风罩,1,重新制造工装,6
R1006,1006,飞行器平台,冷却风罩,冷却风罩,冷却风罩均无法将发动机散热片完全覆盖，冷却风罩下端缺少包裹翻边,冷却风罩均无法将发动机散热片完全覆盖，冷却风罩下端缺少包裹翻边，导致发动机在空中飞行过程中散热效果受到影响,产品制造质量问题,重新制造工装，用新的工装制造冷却风罩,1,重新制造工装,6
R1007,1007,飞行器平台,冷却风罩,冷却风罩,冷却风罩均无法将发动机散热片完全覆盖，冷却风罩下端缺少包裹翻边,冷却风罩均无法将发动机散热片完全覆盖，冷却风罩下端缺少包裹翻边，导致发动机在空中飞行过程中散热效果受到影响,产品制造质量问题,重新制造工装，用新的工装制造冷却风罩,1,重新制造工装,6
R1008,1008,飞行器平台,冷却风罩,冷却风罩,冷却风罩均无法将发动机散热片完全覆盖，冷却风罩下端缺少包裹翻边,冷却风罩均无法将发动机散热片完全覆盖，冷却风罩下端缺少包裹翻边，导致发动机在空中飞行过程中散热效果受到影响,产品制造质量问题,重新制造工装，用新的工装制造冷却风罩,1,重新制造工装,6
R1009,1009,飞行器平台,冷却风罩,冷却风罩,冷却风罩均无法将发动机散热片完全覆盖，冷却风罩下端缺少包裹翻边,冷却风罩均无法将发动机散热片完全覆盖，冷却风罩下端缺少包裹翻边，导致发动机在空中飞行过程中散热效果受到影响,产品制造质量问题,重新制造工装，用新的工装制造冷却风罩,1,重新制造工装,6
R1012,1012,飞行器平台,飞行器平台,蒙皮上测控C上天线的安装孔,机身中间蒙皮上测控C上天线的安装孔未开,机身中间蒙皮上测控C上天线的安装孔未开,NA,依照图纸进行修理,1,维修(无需更换）,6
R1013,1013,飞行器平台,飞行器平台,相机口盖,相机口盖缺扁圆头螺钉、六角自锁螺母、垫片,相机口盖缺扁圆头螺钉、六角自锁螺母、垫片,NA,提供缺失件并重新安装,2,更换故障件,6
R1015,1015,飞行器平台,飞行器平台,固定UHF天线罩的螺钉,用于固定UHF天线罩的螺钉长度不足,用于固定UHF天线罩的螺钉长度不足，无法拧紧固定,NA,更换故障件,2,更换故障件,6
R1016,1016,飞行器平台,飞行器平台,托板螺母,右机翼翼根处的上下翼面上各有一个托板螺母脱落,右机翼翼根处的上下翼面上各有一个托板螺母脱落，需重新固定,NA,依照图纸进行修理,2,维修(无需更换）,6
R1017,1017,飞行器平台,飞行器平台,托板螺母,在机身尾撑对接处，机身对接框上托板螺母出现滑丝,在机身尾撑对接处，机身对接框上托板螺母出现滑丝,NA,更换故障件,2,更换故障件,6
R1024,1024,飞行器平台,发动机,短舱下罩,发动机短舱下罩板与短舱下罩连接处开胶,发动机短舱下罩板与短舱下罩连接处开胶,NA,重新胶接,3,维修(无需更换）,6
R1025,1025,飞行器平台,右主起落架,右主起落架,因测试右主起落架内腔压力时，内腔油渗出，造成内腔油量不够,地面做起落架收放时，发现右主起落架掉压,因测试右主起落架内腔压力时，内腔油渗出，造成内腔油量不够，使右主起落架在压缩时伸长量不够,重装故障件,3,维修(无需更换）,6
R1028,1028,飞行器平台,加油口盖,橡胶圈,加油口盖内橡胶圈断裂,机身油箱加油口盖内橡胶圈断裂，无法使用,NA,更换故障件,2,更换故障件,6
R1029,1029,飞行器平台,发动机,短舱下罩组件,短舱下罩组件拆卸时，左侧螺钉安装孔内侧边缘断裂掉,短舱下罩组件拆卸时，左侧螺钉安装孔内侧边缘断裂掉约2.5×7cm的裂片,拆卸时损坏,对故障件进行修理,3,维修(无需更换）,6
R1030,1030,飞行器平台,舱门拉杆,舱门拉杆,舱门拉杆断裂,舱门拉杆断裂,NA,更换故障件,1,更换故障件,6
R1033,1033,飞行器平台,燃油子系统,油量传感器,地面再次通电，油量测量值显示正常,飞行过程中，油量测量值从正常值突变至满油量，后飞控计算机报油量表超差,油量传感器与飞机机体接触短路,重新安装传感器，并增加密封垫,2,维修(无需更换）,6
R1034,1034,飞行器平台,刹车装置,刹车装置缸体；刹车装置导柱,接入检测车反复动作后，可移动；飞参显示，松刹车后右侧刹车有1MPa压力；刹车装置刹车片卡滞,飞行着陆后右刹车有抱死情况，飞机无法牵引,刹车装置导柱装配后的垂直度不满足要求，导致了刹车片未能顺畅回位,更换故障件,2,更换故障件,6
R1051,1051,电器系统,发电机控制器,二极管,关掉SAR设备或ku功放时，主电源电流稳定在45A左右,飞行过程中，SAR工作成像时，飞行主电流在43A~71A范围内跳变,因励磁调节电路二极管、三极管的匹配问题，使得励磁调节不稳,更换二极管重新调节励磁电路,2,更换故障件,1
R1052,1052,电器系统,发电机控制器,二极管,电压波动较大,电压波动较大,因励磁调节电路二极管、三极管的匹配问题，使得励磁调节不稳,更换二极管重新调节励磁电路,2,更换故障件,1
R1054,1054,电器系统,电气系统,,主电源电压发生跌落故障，不间断供电过程中，不间断电压跌落较低,空中飞行过程中，飞控计算机工作正常，惯导报一级故障，空管应答机失去信号。,机上安装有3块蓄电池，只使用一块电池的2Ah组提供不间断供电能力，放电裕量不足，不能完全解决各种环境条件下的供电能力问题,将机上3组2Ah串联单体进行并联,3,维修(无需更换）,1
R1056,1056,电器系统,主控盒,K14继电器；K37继电器,K14继电器和K37继电器粘连失效,收起落架过程中，没有任何动作,K14继电器和K37继电器粘连失效导致故障,更换故障件,2,更换故障件,1
R1057,1057,电器系统,检测车,PCB板上继电器,燃油泵1输出引脚与输入引脚粘连,发动机开车过程中发现检测车中综合检测计算机显示燃油泵1指示灯常亮,燃油泵1输出引脚与输入引脚粘连，故造成无法正常关闭油泵，属于PCB板上PELPY3继电器故障,更换故障件,2,更换故障件,1
R1060,1060,电器系统,检测车；AID型主流稳压电源,IGBT模块栅极接线铜,功率器件IGBT模块栅极铜柱接线松动接触不良,发动机开车时检测车报12V欠压故障,功率器件IGBT模块栅极铜柱接线松动接触不良，电源启动时未达到稳定状态，启动电流过大，内部电路存在接触不良之处，致使电源不能建立正常工作状态，导致电源开车启动时报告,对IGBT模块栅极接线铜柱进行紧固,2,维修(无需更换）,1
R1061,1061,电器系统,发电机控制器,电位器,拉回机库发动机试车，故障复现，发电机建压时，电压偏低并跳变，翻转至负励磁。负励磁工作时，电压稳定在29.3V,地面飞行前联试时，发动机开车，发电机建压后，初始电压为略偏低，后电压持续降低，翻转负励磁,发电机控制器内部电位器引脚与内引线的焊点存在虚焊引起其调节比变大,更换故障件,2,更换故障件,1
R1062,1062,电器系统,发电机控制器,电位器,拉回机库发动机试车，故障复现，发电机建压时，电压偏低并跳变，翻转至负励磁。负励磁工作时，电压稳定在29.3V,地面飞行前联试时，发动机开车，发电机建压后，初始电压为略偏低，后电压持续降低，翻转负励磁,发电机控制器内部电位器引脚与内引线的焊点存在虚焊引起其调节比变大,更换故障件,2,更换故障件,1
R1063,1063,电器系统,惯导,主控盒；惯导,惯导交流电输入端26V地线对地断开，并将主控盒交、直流供地点烧断,地面检测时，惯导姿态角异常,机上存在交流26V火线与直流地线的短路点，交流26V火线与直流地线短路，使得机上的交直流地线共地点通过较大的短路电流，将主控制盒内交直流共地点烧断，将惯导内部交流滤波器烧毁,对主控制盒、惯导进行了修复，对机上交流直流相关电缆进行了更改，将单向变更换新品,2,维修(无需更换）,1
R1064,1064,电器系统,三相变流器,LM7815列线,C相长时间工作后出现掉电现象,飞行时，垂直陀螺报故，角速率陀螺数值异常,C相电源板上三端稳压后LM7815列线太长，导致其输入/输出端短路,对LM7815列线进行重新处理,3,维修(无需更换）,1
R1068,1068,侦查系统,光电平台,陀螺,整机在0度6000米低气压条件下故障现象复现,飞行至5000m时，执行手动跟踪指令，光电平台旋转方向失控，飞行至6000m时工作正常,陀螺低气压时失效，导致平台方位手动跟踪失控，速度四路开环,更换故障件,2,更换故障件,0
R1069,1069,侦查系统,光电平台,通信芯片MAX49,激光测距主控板上通信芯片MAX491不工作,飞行中发现光电平台激光上电正常，自检报故，打激光后无回报数值,激光测距主控板上通信芯片MAX491不工作，导致和上位机无通讯，上位机报通信故障,更换故障件,2,更换故障件,0
R1071,1071,侦查系统,光电平台,通信芯片MAX49,激光测距主控板上通信芯片MAX491不工作,光电平台电控箱地面联试时激光测距无测距数据并报故,激光测距主控板上通信芯片MAX491不工作，导致和上位机无通讯，上位机报通信故障,更换故障件,2,更换故障件,0
R1072,1072,侦查系统,SAR数据回放单元,SATA存储介质,SATA存储介质故障,SAR数据回放单元无法回放SAR机载原始数据，无法读取映射盘,SATA存储介质故障导致,更换故障件,2,更换故障件,0
R1079,1079,测控系统,敌我识别器；应答机,放大器,高频点时，接收机报故且不应答，发射机模块带温通电检测，功能正常但频率不对。高温工作时发现本振不锁相，进一步检查为调制频综不锁相,飞机加电应答机启动系统自检，接收机报故,放大器虚焊，导致调制频综不锁相,对放大器进行补焊后,3,维修(无需更换）,2
R1080,1080,测控系统,应答机,发射机内部脉冲功率放大器输入端电容,发射机内部脉冲功率放大器输入端电容击穿电路,给应答机注密钥时，回报发射机故障,发射机内部脉冲功率放大器输入端电容击穿电路，导致发射机内部+28V电源报故，发射无功率输出,更换故障件,2,更换故障件,2
R1082,1082,测控系统,卫通链路Ku功放组合,检波二级管,卫通功放输出功率与实际输出功率不符,通电检查时，功放组合监控回报不对,故障原因为卫通功放输出功率与实际输出功率不符，进一步分析为功放组合内检波二级管故障,更换故障件,2,更换故障件,2
R1083,1083,测控系统,卫通链路收发组合,放大器,机载变频器L下变频链故障，输出电平低,通电检查时，卫通链路收发组合上行不通,故障原因为机载变频器L下变频链故障，输出电平低，致使卫通链路收发组合Ku频段下变频器输出信号电平过低，卫通上行链路无法通信。,更换故障件,2,更换故障件,2
R1084,1084,测控系统,卫通链路收发组合；卫通链路Ku功放组合,放大器,上变频增益温度补偿电路包含的放大器芯片故障,地面站联试过程中，出现功率跳变故障,卫通功放组合上变频模块内部，上变频增益温度补偿电路包含的放大器芯片故障，导致上变频模块增益降低。,更换故障件,2,更换故障件,2
R1085,1085,测控系统,数码相机,惯导数据卡插座,,相机内安装惯导数据卡的电路板因数据卡卡槽损坏，数据卡无法弹出,电路板上安装惯导数据卡的插座损坏，即导柱与插座脱离，导致惯导数据卡无法弹出,更换故障件,2,更换故障件,2
R1086,1086,测控系统,卫通天线,卫通天线,飞机回到本场后重新对星，恢复正常,在超视距飞行中，机载卫通天线锁星不稳，方位误差电压在2V以上，俯仰误差电压在1V以上，下行Eb/No低于3db，下行任控飞控图像卡滞，几乎断链，主链路操纵手转程序跟踪后，链路恢复，大约4秒会有一次卡滞，方位误差电压在3V以上，俯仰误差电压为1V左右，下行Eb/No约为3.5db,天线交叉耦合较大和零值存在偏差，导致天线在程序跟踪过程中电轴与实际目标指向存在较大偏差，引起误差电压较大（方位3V以上），而在自动跟踪过程中，交叉耦合较大，引起自动跟踪不稳定，天线误差电压存在较大值，且Eb/No较差,进行标零和校相,3,维修(无需更换）,2
R1087,1087,测控系统,敌我识别航管一体化应答机,RS-232接口芯片；RS-422接口芯片,处理板上RS-232接口芯片和RS-422接口芯片故障,机务准备时，连接分机注密钥过程中，分机显示未连接到应答机,处理板上RS-232接口芯片和RS-422接口芯片故障，因422接口芯片故障使其输出一个恒定电平使DSP软件长期处于422通信中断，控制注入器与应答机相连时无法进入CAN通信中断，从而导致应答机与控制注入器无法进行通信,更换故障件,2,更换故障件,2
R1088,1088,测控系统,情报车,PCB板,PCB板上凝露导致进风口处高压线与机壳间绝缘下降而打火,情报车UPS电源冒火,PCB板上凝露导致进风口处高压线与机壳间绝缘下降而打火,更换故障件,2,更换故障件,2
